Team,W,ERA,H,R,ER,HR,BB,SO,KsPer9,BBper9,KperBB,Hper9,HRper9,AVG,WHIP,BABIP,LOB_pct,FIP,RAR,K_pct,BB_pct
Braves,106,3.25,1291,581,520,117,467,1232,7.71,2.92,2.64,8.08,0.73,0.236,1.22,0.285,0.74,3.53,255.7,0.207,0.08
Astros,102,3.5,1435,620,572,147,465,1187,7.26,2.84,2.55,8.78,0.9,0.251,1.29,0.295,0.76,3.86,178.7,0.191,0.08
Padres,98,3.63,1384,635,587,139,501,1217,7.53,3.1,2.43,8.56,0.86,0.247,1.3,0.293,0.75,3.84,202.1,0.198,0.08
Mets,88,3.77,1381,645,611,152,532,1129,6.97,3.28,2.12,8.52,0.94,0.248,1.31,0.287,0.76,4.18,143.8,0.183,0.09
Dodgers,83,3.81,1332,678,612,135,587,1178,7.33,3.65,2.01,8.28,0.84,0.241,1.33,0.284,0.73,4.06,171.8,0.191,0.1
Yankees,114,3.82,1357,656,619,156,466,1080,6.67,2.88,2.32,8.38,0.96,0.244,1.25,0.277,0.74,4.15,212.5,0.177,0.08
Pirates,69,3.91,1433,718,629,147,530,1112,6.91,3.29,2.1,8.9,0.91,0.253,1.35,0.292,0.71,4.08,172.4,0.179,0.09
Giants,89,4.19,1457,739,687,171,562,1089,6.64,3.42,1.94,8.88,1.04,0.253,1.37,0.287,0.73,4.42,120.3,0.171,0.09
Red Sox,92,4.19,1406,729,668,168,504,1025,6.42,3.16,2.03,8.81,1.05,0.252,1.33,0.282,0.71,4.4,156.7,0.167,0.08
Blue Jays,88,4.29,1443,768,698,169,587,1154,7.09,3.61,1.97,8.86,1.04,0.252,1.39,0.29,0.71,4.36,181.2,0.182,0.09
Cardinals,83,4.32,1513,782,706,151,558,972,5.95,3.42,1.74,9.27,0.92,0.262,1.41,0.292,0.7,4.4,123.5,0.152,0.09
Devil Rays,63,4.35,1425,751,698,171,643,1008,6.29,4.01,1.57,8.89,1.07,0.257,1.43,0.287,0.73,4.79,109.8,0.161,0.1
Expos,65,4.39,1448,783,696,156,533,1017,6.41,3.36,1.91,9.13,0.98,0.258,1.39,0.291,0.69,4.38,119.9,0.164,0.09
Reds,77,4.44,1400,760,711,170,573,1098,6.86,3.58,1.92,8.74,1.06,0.251,1.37,0.285,0.71,4.45,124.1,0.177,0.09
Indians,89,4.45,1552,779,722,171,563,1037,6.39,3.47,1.84,9.57,1.05,0.269,1.45,0.303,0.72,4.54,160.6,0.162,0.09
Angels,85,4.49,1481,783,720,164,630,1091,6.8,3.93,1.73,9.23,1.02,0.262,1.46,0.3,0.71,4.51,161.4,0.173,0.1
Cubs,90,4.5,1528,792,738,180,575,1207,7.35,3.5,2.1,9.31,1.1,0.261,1.42,0.302,0.72,4.35,142.2,0.187,0.09
Brewers,74,4.63,1538,812,746,188,550,1063,6.59,3.41,1.93,9.54,1.17,0.269,1.44,0.302,0.71,4.62,84.6,0.168,0.09
Diamondbacks,65,4.64,1463,812,738,188,489,908,5.71,3.07,1.86,9.19,1.18,0.26,1.36,0.282,0.68,4.69,87.4,0.148,0.08
Phillies,75,4.64,1476,808,754,188,544,1176,7.23,3.35,2.16,9.08,1.16,0.257,1.38,0.294,0.7,4.43,108.8,0.186,0.09
Orioles,79,4.74,1505,785,754,169,535,1065,6.7,3.36,1.99,9.46,1.06,0.267,1.43,0.304,0.7,4.4,161,0.171,0.09
Twins,70,4.76,1622,818,765,180,457,952,5.92,2.84,2.08,10.08,1.12,0.279,1.44,0.308,0.7,4.48,147,0.151,0.07
Athletics,74,4.83,1555,866,769,179,529,922,5.79,3.32,1.74,9.76,1.12,0.272,1.45,0.298,0.67,4.7,121.1,0.146,0.08
Tigers,65,4.93,1551,863,793,185,595,947,5.89,3.7,1.59,9.65,1.15,0.272,1.48,0.3,0.69,4.81,131.9,0.15,0.09
Mariners,76,4.95,1530,855,784,196,528,1156,7.3,3.34,2.19,9.67,1.24,0.269,1.44,0.308,0.69,4.54,157.4,0.184,0.08
Rangers,88,5,1624,871,795,164,519,994,6.25,3.26,1.92,10.21,1.03,0.28,1.5,0.315,0.67,4.42,180.8,0.156,0.08
Rockies,77,5,1583,855,796,174,562,951,5.97,3.53,1.69,9.94,1.09,0.28,1.5,0.311,0.69,4.7,156,0.152,0.09
Royals,72,5.16,1590,899,824,196,568,999,6.26,3.56,1.76,9.96,1.23,0.277,1.5,0.307,0.68,4.83,117.4,0.157,0.09
Marlins,54,5.2,1617,923,838,182,715,1016,6.31,4.44,1.42,10.04,1.13,0.28,1.61,0.313,0.69,4.97,13.7,0.155,0.11
White Sox,80,5.24,1569,931,837,211,580,911,5.7,3.63,1.57,9.82,1.32,0.274,1.49,0.294,0.67,5.1,55.1,0.143,0.09
Braves,103,3.65,1398,661,596,142,507,1197,7.32,3.1,2.36,8.55,0.87,0.246,1.3,0.289,0.73,3.85,280.2,0.193,0.08
Diamondbacks,100,3.77,1387,676,615,176,543,1198,7.35,3.33,2.21,8.51,1.08,0.246,1.32,0.284,0.75,4.27,217.1,0.192,0.09
Astros,97,3.84,1485,675,622,128,478,1204,7.43,2.95,2.52,9.16,0.79,0.261,1.35,0.312,0.73,3.69,270.7,0.194,0.08
Reds,96,3.99,1309,711,648,190,636,1081,6.65,3.92,1.7,8.06,1.17,0.236,1.33,0.262,0.74,4.74,142.4,0.174,0.1
Red Sox,94,4,1396,718,638,160,469,1131,7.09,2.94,2.41,8.75,1,0.249,1.3,0.287,0.71,4.1,227.2,0.185,0.08
Yankees,98,4.16,1402,731,665,158,581,1111,6.95,3.63,1.91,8.76,0.99,0.251,1.38,0.288,0.72,4.35,226.4,0.178,0.09
Mets,97,4.27,1372,711,691,167,617,1172,7.24,3.81,1.9,8.48,1.03,0.247,1.37,0.285,0.74,4.39,166.9,0.188,0.1
Pirates,78,4.35,1444,782,692,160,633,1083,6.8,3.97,1.71,9.07,1,0.258,1.45,0.296,0.71,4.51,155.7,0.173,0.1
Dodgers,77,4.45,1438,787,718,192,594,1077,6.67,3.68,1.81,8.91,1.19,0.254,1.4,0.284,0.72,4.72,125.8,0.171,0.09
Padres,74,4.47,1454,781,705,193,529,1078,6.83,3.35,2.04,9.21,1.22,0.26,1.4,0.292,0.71,4.57,126.9,0.175,0.09
Expos,68,4.69,1505,853,748,152,572,1043,6.54,3.59,1.82,9.44,0.95,0.265,1.45,0.301,0.67,4.38,184.6,0.165,0.09
Giants,86,4.71,1486,831,762,194,655,1076,6.65,4.05,1.64,9.18,1.2,0.26,1.47,0.29,0.71,4.84,104.4,0.167,0.1
Cardinals,75,4.76,1519,838,764,161,667,1025,6.38,4.15,1.54,9.46,1,0.267,1.51,0.301,0.7,4.68,145.9,0.16,0.1
Athletics,87,4.76,1537,846,761,160,569,967,6.05,3.56,1.7,9.62,1,0.27,1.46,0.302,0.68,4.53,194.5,0.153,0.09
Orioles,78,4.77,1468,815,761,198,647,982,6.16,4.06,1.52,9.21,1.24,0.264,1.47,0.29,0.72,5.01,120.6,0.157,0.1
Angels,70,4.79,1472,826,762,177,624,877,5.51,3.92,1.41,9.26,1.11,0.264,1.46,0.286,0.7,4.94,140.7,0.14,0.1
Marlins,64,4.9,1560,852,781,171,655,943,5.91,4.11,1.44,9.78,1.07,0.275,1.54,0.304,0.7,4.85,93.8,0.148,0.1
Indians,97,4.91,1503,860,792,197,634,1120,6.95,3.93,1.77,9.33,1.22,0.264,1.47,0.299,0.7,4.78,164.3,0.176,0.1
White Sox,75,4.92,1608,870,787,210,596,968,6.06,3.73,1.62,10.06,1.31,0.277,1.53,0.303,0.71,5.06,120.6,0.15,0.09
Blue Jays,84,4.93,1582,862,788,191,575,1009,6.31,3.6,1.75,9.89,1.19,0.276,1.5,0.306,0.69,4.77,147.6,0.158,0.09
Phillies,77,4.93,1494,846,788,212,627,1030,6.44,3.92,1.64,9.35,1.33,0.264,1.47,0.29,0.71,5.05,70.2,0.162,0.1
Twins,63,5.03,1591,845,795,208,487,927,5.86,3.08,1.9,10.06,1.32,0.279,1.46,0.303,0.7,4.82,128,0.149,0.08
Devil Rays,69,5.06,1606,913,805,172,695,1055,6.63,4.36,1.52,10.09,1.08,0.281,1.61,0.32,0.69,4.84,139.8,0.163,0.11
Rangers,95,5.07,1626,859,809,186,509,979,6.13,3.19,1.92,10.19,1.17,0.282,1.49,0.313,0.69,4.6,193.6,0.155,0.08
Brewers,74,5.08,1618,886,815,213,616,987,6.16,3.84,1.6,10.09,1.33,0.278,1.55,0.305,0.7,5.07,71.8,0.152,0.1
Tigers,69,5.22,1528,882,824,209,583,976,6.18,3.69,1.67,9.68,1.32,0.271,1.49,0.297,0.69,5.05,132.2,0.155,0.09
Mariners,79,5.25,1613,905,836,191,684,980,6.15,4.29,1.43,10.13,1.2,0.282,1.6,0.313,0.7,5.08,89.4,0.151,0.11
Cubs,67,5.27,1619,920,837,221,529,980,6.16,3.33,1.85,10.18,1.39,0.279,1.5,0.304,0.67,4.94,96.4,0.154,0.08
Royals,64,5.35,1607,921,845,202,643,831,5.26,4.07,1.29,10.18,1.28,0.283,1.58,0.303,0.69,5.31,78.6,0.13,0.1
Rockies,72,6.03,1700,1028,957,237,737,1032,6.5,4.64,1.4,10.71,1.49,0.294,1.71,0.325,0.68,5.52,87.1,0.157,0.11
Braves,95,4.06,1428,714,649,165,484,1093,6.83,3.02,2.26,8.92,1.03,0.253,1.33,0.288,0.72,4.19,228,0.177,0.08
Dodgers,86,4.1,1379,729,659,176,600,1154,7.19,3.74,1.92,8.59,1.1,0.247,1.37,0.283,0.73,4.52,168.9,0.185,0.1
Mets,94,4.16,1398,738,671,164,574,1164,7.22,3.56,2.03,8.68,1.02,0.248,1.36,0.286,0.72,4.31,196.6,0.186,0.09
Giants,97,4.21,1452,747,676,151,623,1076,6.7,3.88,1.73,9.05,0.94,0.259,1.44,0.297,0.72,4.38,172.7,0.172,0.1
Red Sox,85,4.24,1433,745,684,173,498,1121,6.95,3.09,2.25,8.88,1.07,0.253,1.33,0.288,0.71,4.29,205.5,0.18,0.08
Reds,85,4.33,1446,765,700,190,659,1015,6.27,4.07,1.54,8.94,1.17,0.255,1.45,0.282,0.74,4.88,145.8,0.16,0.1
Diamondbacks,85,4.36,1441,754,700,190,500,1220,7.61,3.12,2.44,8.98,1.18,0.257,1.34,0.297,0.72,4.28,220,0.198,0.08
Cardinals,95,4.4,1403,771,701,196,606,1100,6.91,3.8,1.82,8.81,1.23,0.254,1.4,0.285,0.72,4.77,158.1,0.177,0.1
Padres,76,4.52,1443,815,733,191,649,1071,6.61,4,1.65,8.9,1.18,0.253,1.43,0.282,0.71,4.84,100.6,0.167,0.1
Mariners,91,4.53,1442,780,726,167,634,998,6.23,3.96,1.57,9,1.04,0.258,1.44,0.288,0.71,4.65,165.9,0.159,0.1
Athletics,91,4.58,1535,813,730,158,615,963,6.04,3.86,1.57,9.62,0.99,0.27,1.5,0.301,0.7,4.61,183,0.152,0.1
Marlins,79,4.59,1477,797,729,169,650,1051,6.62,4.09,1.62,9.3,1.06,0.263,1.49,0.298,0.71,4.65,138.1,0.167,0.1
Brewers,73,4.63,1501,826,755,174,728,967,5.94,4.47,1.33,9.21,1.07,0.263,1.52,0.291,0.72,4.98,105.4,0.149,0.11
White Sox,95,4.67,1509,839,752,195,614,1037,6.44,3.81,1.69,9.36,1.21,0.266,1.46,0.296,0.7,4.83,177,0.164,0.1
Tigers,79,4.73,1583,827,759,177,496,978,6.1,3.09,1.97,9.87,1.1,0.275,1.44,0.306,0.69,4.5,185,0.155,0.08
Yankees,87,4.76,1458,814,753,177,577,1040,6.57,3.65,1.8,9.21,1.12,0.259,1.43,0.29,0.69,4.61,187.3,0.166,0.09
Phillies,65,4.79,1458,830,766,201,640,1123,7.03,4,1.75,9.12,1.26,0.259,1.46,0.292,0.71,4.81,114.4,0.178,0.1
Indians,90,4.84,1511,816,775,173,666,1213,7.57,4.16,1.82,9.43,1.08,0.266,1.51,0.312,0.71,4.48,215.3,0.19,0.1
Devil Rays,69,4.86,1553,842,773,198,533,955,6,3.35,1.79,9.77,1.24,0.273,1.46,0.299,0.7,4.85,143.2,0.152,0.09
Pirates,69,4.94,1554,888,796,163,711,1070,6.65,4.42,1.5,9.65,1.01,0.271,1.56,0.308,0.69,4.72,138.8,0.164,0.11
Angels,82,5.02,1534,869,807,228,662,846,5.26,4.11,1.28,9.53,1.42,0.269,1.52,0.282,0.71,5.46,51.7,0.132,0.1
Expos,67,5.14,1575,902,814,181,579,1011,6.39,3.66,1.75,9.95,1.14,0.276,1.51,0.309,0.67,4.71,142.8,0.16,0.09
Twins,69,5.16,1634,880,821,212,516,1042,6.55,3.24,2.02,10.26,1.33,0.282,1.5,0.314,0.69,4.76,139.3,0.165,0.08
Blue Jays,83,5.17,1615,908,826,195,560,978,6.12,3.51,1.75,10.11,1.22,0.281,1.51,0.31,0.68,4.84,146.4,0.153,0.09
Cubs,65,5.26,1505,904,850,231,658,1143,7.07,4.07,1.74,9.31,1.43,0.263,1.49,0.292,0.7,5.11,83.3,0.177,0.1
Rockies,82,5.29,1568,897,840,221,588,1001,6.3,3.7,1.7,9.87,1.39,0.276,1.51,0.302,0.69,5.13,170.8,0.158,0.09
Orioles,74,5.37,1547,913,855,202,665,1017,6.39,4.18,1.53,9.71,1.27,0.27,1.54,0.298,0.68,5.01,123.9,0.158,0.1
Astros,72,5.42,1596,944,865,234,598,1064,6.66,3.74,1.78,9.99,1.46,0.275,1.53,0.303,0.68,5.14,91.9,0.165,0.09
Royals,77,5.48,1585,930,877,239,693,927,5.8,4.33,1.34,9.91,1.49,0.278,1.58,0.296,0.7,5.54,70.4,0.144,0.11
Rangers,71,5.52,1683,974,876,202,661,918,5.78,4.16,1.39,10.6,1.27,0.288,1.64,0.314,0.68,5.21,117.8,0.14,0.1
Mariners,116,3.54,1293,627,576,160,465,1051,6.46,2.86,2.26,7.94,0.98,0.232,1.2,0.26,0.75,4.12,187.9,0.172,0.08
Athletics,102,3.59,1384,645,583,153,440,1117,6.87,2.71,2.54,8.51,0.94,0.246,1.25,0.282,0.74,3.88,234.9,0.183,0.07
Braves,88,3.59,1363,643,578,153,499,1133,7.05,3.1,2.27,8.48,0.95,0.245,1.29,0.283,0.75,3.96,207.6,0.186,0.08
Diamondbacks,92,3.88,1352,677,629,195,461,1297,8,2.84,2.81,8.34,1.2,0.243,1.24,0.284,0.75,4.08,200.3,0.213,0.08
Cardinals,93,3.96,1389,684,631,196,526,1083,6.79,3.3,2.06,8.71,1.23,0.251,1.33,0.281,0.76,4.57,115.3,0.177,0.09
Cubs,88,4.03,1357,701,643,164,550,1344,8.42,3.44,2.44,8.5,1.03,0.244,1.33,0.294,0.73,3.91,220.5,0.218,0.09
Yankees,95,4.04,1429,713,651,158,465,1266,7.85,2.88,2.72,8.86,0.98,0.253,1.31,0.3,0.72,3.79,249.6,0.205,0.08
Mets,82,4.08,1418,713,655,186,438,1191,7.41,2.73,2.72,8.83,1.16,0.252,1.28,0.29,0.72,4.07,170.4,0.195,0.07
Phillies,86,4.16,1417,719,668,170,527,1086,6.76,3.28,2.06,8.82,1.06,0.253,1.35,0.287,0.73,4.31,137.1,0.175,0.09
Red Sox,82,4.18,1412,745,672,146,544,1259,7.83,3.38,2.31,8.78,0.91,0.251,1.35,0.299,0.71,3.94,185.1,0.201,0.09
Giants,90,4.19,1437,748,682,145,579,1080,6.64,3.56,1.87,8.84,0.89,0.253,1.38,0.29,0.71,4.12,165.9,0.172,0.09
Angels,75,4.2,1452,730,671,168,525,947,5.93,3.29,1.8,9.09,1.05,0.259,1.38,0.286,0.73,4.48,143.3,0.153,0.09
Dodgers,86,4.25,1387,744,685,184,524,1212,7.52,3.25,2.31,8.61,1.14,0.247,1.32,0.286,0.72,4.26,161.9,0.196,0.09
Blue Jays,80,4.28,1553,753,696,165,490,1041,6.41,3.02,2.12,9.56,1.02,0.271,1.4,0.306,0.72,4.25,177.6,0.165,0.08
Marlins,76,4.32,1397,744,691,151,617,1119,7,3.86,1.81,8.74,0.95,0.252,1.4,0.292,0.72,4.29,132.4,0.18,0.1
Astros,93,4.39,1453,769,709,221,486,1228,7.6,3.01,2.53,8.99,1.37,0.256,1.33,0.291,0.73,4.48,139.6,0.197,0.08
Twins,85,4.51,1494,766,723,192,445,965,6.03,2.78,2.17,9.33,1.2,0.263,1.35,0.287,0.71,4.48,116.7,0.156,0.07
Padres,79,4.52,1519,812,724,219,476,1088,6.8,2.97,2.29,9.49,1.37,0.264,1.38,0.293,0.71,4.62,79.9,0.173,0.08
White Sox,83,4.55,1465,795,725,181,500,921,5.78,3.14,1.84,9.2,1.14,0.261,1.37,0.285,0.7,4.64,135.1,0.149,0.08
Indians,91,4.65,1512,821,747,148,573,1218,7.58,3.56,2.13,9.41,0.92,0.266,1.44,0.315,0.68,3.99,211.1,0.193,0.09
Brewers,68,4.65,1452,806,742,197,667,1057,6.62,4.18,1.58,9.1,1.23,0.259,1.48,0.289,0.72,4.9,67.9,0.167,0.11
Expos,68,4.69,1509,812,746,190,525,1103,6.94,3.3,2.1,9.49,1.19,0.266,1.42,0.302,0.7,4.46,137.1,0.177,0.08
Orioles,63,4.7,1504,829,748,194,528,938,5.89,3.32,1.78,9.45,1.22,0.265,1.42,0.289,0.7,4.76,100,0.15,0.08
Reds,66,4.78,1572,850,766,198,515,943,5.88,3.21,1.83,9.81,1.24,0.273,1.45,0.297,0.69,4.7,100.6,0.149,0.08
Royals,65,4.87,1537,858,779,209,576,911,5.69,3.6,1.58,9.61,1.31,0.272,1.47,0.293,0.7,5,77.4,0.145,0.09
Devil Rays,62,4.96,1513,887,784,207,569,1030,6.51,3.6,1.81,9.56,1.31,0.268,1.46,0.296,0.68,4.85,64.1,0.164,0.09
Tigers,66,5.01,1624,876,795,180,553,859,5.41,3.48,1.55,10.23,1.13,0.283,1.52,0.307,0.69,4.8,64.3,0.135,0.09
Pirates,62,5.05,1493,858,794,167,549,908,5.77,3.49,1.65,9.49,1.06,0.267,1.44,0.293,0.67,4.63,90.1,0.146,0.09
Rockies,73,5.29,1522,906,841,239,598,1058,6.66,3.76,1.77,9.58,1.5,0.27,1.48,0.295,0.69,5.13,104.1,0.168,0.1
Rangers,73,5.71,1670,968,913,222,596,951,5.95,3.73,1.6,10.45,1.39,0.287,1.58,0.312,0.67,5.11,57.5,0.147,0.09
Braves,101,3.13,1302,565,511,123,554,1058,6.49,3.4,1.91,7.99,0.75,0.235,1.26,0.271,0.77,3.83,192,0.173,0.09
Giants,95,3.55,1349,616,567,116,523,992,6.21,3.27,1.9,8.45,0.73,0.245,1.3,0.281,0.74,3.8,176.3,0.164,0.09
Angels,99,3.69,1345,644,595,169,509,999,6.19,3.15,1.96,8.33,1.05,0.243,1.28,0.269,0.76,4.25,160.9,0.164,0.08
Athletics,103,3.69,1391,654,595,135,474,1021,6.33,2.94,2.15,8.62,0.84,0.247,1.28,0.281,0.73,3.87,227.2,0.166,0.08
Dodgers,92,3.69,1311,643,598,165,555,1132,6.99,3.43,2.04,8.09,1.02,0.237,1.28,0.27,0.76,4.12,158.7,0.184,0.09
Cardinals,97,3.7,1355,648,595,141,547,1009,6.28,3.4,1.84,8.43,0.88,0.245,1.32,0.277,0.75,4.09,136.5,0.165,0.09
Red Sox,93,3.75,1339,665,603,146,430,1157,7.2,2.68,2.69,8.33,0.91,0.242,1.22,0.282,0.72,3.74,216.1,0.191,0.07
Yankees,103,3.89,1441,697,627,144,403,1135,7.04,2.5,2.82,8.93,0.89,0.252,1.27,0.293,0.71,3.62,273.7,0.184,0.07
Mets,75,3.91,1408,703,626,163,543,1107,6.91,3.39,2.04,8.78,1.02,0.251,1.35,0.287,0.73,4.14,132.2,0.178,0.09
Diamondbacks,98,3.93,1361,674,631,170,421,1303,8.11,2.62,3.1,8.47,1.06,0.243,1.23,0.289,0.73,3.67,241.3,0.215,0.07
Expos,83,3.98,1475,718,642,165,508,1088,6.74,3.15,2.14,9.14,1.02,0.259,1.36,0.295,0.73,4.08,158.8,0.174,0.08
Astros,84,4,1423,695,643,151,546,1219,7.59,3.4,2.23,8.86,0.94,0.254,1.36,0.3,0.73,3.88,184.1,0.197,0.09
Mariners,93,4.07,1422,699,654,178,441,1063,6.62,2.75,2.41,8.85,1.11,0.253,1.29,0.284,0.73,4.11,182.2,0.174,0.07
Twins,94,4.12,1454,712,662,184,439,1026,6.39,2.73,2.34,9.06,1.15,0.257,1.31,0.286,0.73,4.2,159.6,0.167,0.07
Phillies,80,4.17,1381,724,671,153,570,1075,6.67,3.54,1.89,8.57,0.95,0.247,1.35,0.282,0.72,4.18,126.8,0.173,0.09
Pirates,72,4.24,1447,730,665,163,572,920,5.86,3.64,1.61,9.22,1.04,0.263,1.43,0.29,0.73,4.49,70.3,0.15,0.09
Reds,78,4.29,1502,774,693,173,550,980,6.07,3.41,1.78,9.3,1.07,0.264,1.41,0.293,0.72,4.41,111.3,0.156,0.09
Cubs,67,4.3,1373,759,689,167,606,1333,8.32,3.78,2.2,8.57,1.04,0.246,1.37,0.296,0.71,4,165.6,0.214,0.1
Marlins,79,4.36,1449,763,706,151,631,1104,6.82,3.9,1.75,8.95,0.93,0.256,1.43,0.295,0.71,4.21,113.6,0.174,0.1
Orioles,67,4.46,1491,773,719,208,549,967,6,3.41,1.76,9.25,1.29,0.264,1.41,0.286,0.73,4.74,87.7,0.155,0.09
White Sox,81,4.57,1422,798,723,190,528,945,5.98,3.34,1.79,8.99,1.2,0.257,1.37,0.279,0.7,4.61,139.1,0.154,0.09
Padres,66,4.66,1522,815,743,177,582,1108,6.94,3.65,1.9,9.54,1.11,0.268,1.46,0.306,0.71,4.37,83.5,0.175,0.09
Brewers,56,4.76,1468,821,757,199,666,1026,6.45,4.18,1.54,9.22,1.25,0.262,1.49,0.289,0.72,4.86,43.9,0.162,0.11
Blue Jays,78,4.81,1504,828,768,177,590,991,6.2,3.69,1.68,9.41,1.11,0.265,1.46,0.294,0.7,4.56,115.3,0.156,0.09
Indians,74,4.91,1508,837,777,142,603,1058,6.68,3.81,1.75,9.53,0.9,0.269,1.48,0.31,0.68,4.16,150.5,0.169,0.1
Tigers,55,4.94,1593,864,776,163,463,794,5.05,2.95,1.71,10.14,1.04,0.28,1.45,0.302,0.66,4.45,108.1,0.128,0.08
Rangers,72,5.16,1528,882,826,194,669,1030,6.44,4.18,1.54,9.55,1.21,0.268,1.53,0.298,0.7,4.84,75.1,0.16,0.1
Royals,62,5.21,1587,891,834,212,572,909,5.68,3.57,1.59,9.91,1.32,0.275,1.5,0.296,0.69,4.91,74.7,0.142,0.09
Rockies,73,5.21,1554,898,826,225,582,920,5.8,3.67,1.58,9.8,1.42,0.273,1.5,0.292,0.69,5.08,63.1,0.145,0.09
Devil Rays,55,5.29,1567,918,847,215,620,925,5.78,3.87,1.49,9.79,1.34,0.274,1.52,0.296,0.69,5.11,26.2,0.144,0.1
Dodgers,85,3.16,1254,556,511,127,526,1289,7.96,3.25,2.45,7.74,0.78,0.231,1.22,0.28,0.77,3.56,263.2,0.215,0.09
Athletics,96,3.63,1336,643,582,140,499,1018,6.36,3.12,2.04,8.34,0.87,0.242,1.27,0.274,0.74,4.03,219.6,0.168,0.08
Giants,100,3.73,1349,638,595,136,546,1006,6.3,3.42,1.84,8.45,0.85,0.245,1.32,0.278,0.74,4.09,149.6,0.165,0.09
Mariners,93,3.76,1340,637,602,173,466,1001,6.25,2.91,2.15,8.37,1.08,0.243,1.25,0.269,0.76,4.29,162.8,0.166,0.08
Cubs,88,3.83,1304,683,619,143,617,1404,8.68,3.81,2.28,8.06,0.88,0.235,1.32,0.291,0.73,3.8,229.6,0.226,0.1
Diamondbacks,84,3.84,1379,685,621,150,526,1291,7.99,3.25,2.45,8.53,0.93,0.245,1.31,0.293,0.73,3.83,237,0.207,0.08
Astros,87,3.87,1350,677,623,161,565,1139,7.07,3.51,2.02,8.38,1,0.244,1.32,0.281,0.74,4.23,162.6,0.184,0.09
Expos,83,4.01,1467,716,641,181,463,1028,6.44,2.9,2.22,9.18,1.13,0.26,1.34,0.29,0.74,4.35,147.9,0.167,0.08
Yankees,101,4.03,1512,716,655,145,375,1119,6.89,2.31,2.98,9.31,0.89,0.261,1.29,0.302,0.7,3.66,278.8,0.18,0.06
Marlins,91,4.04,1415,692,649,128,530,1132,7.05,3.3,2.14,8.81,0.8,0.253,1.35,0.297,0.72,3.8,206.6,0.184,0.09
Phillies,86,4.06,1386,697,651,142,536,1060,6.61,3.34,1.98,8.64,0.89,0.248,1.33,0.284,0.72,4.12,165.4,0.171,0.09
Braves,101,4.1,1425,740,663,147,555,992,6.13,3.43,1.79,8.81,0.91,0.252,1.36,0.283,0.71,4.21,151.5,0.159,0.09
White Sox,86,4.17,1364,715,663,162,518,1056,6.64,3.26,2.04,8.58,1.02,0.248,1.32,0.281,0.71,4.22,221,0.174,0.09
Indians,68,4.21,1477,778,682,179,501,943,5.82,3.09,1.88,9.11,1.1,0.26,1.36,0.284,0.71,4.49,122.1,0.151,0.08
Angels,77,4.28,1444,743,681,190,486,980,6.16,3.06,2.02,9.08,1.19,0.258,1.35,0.283,0.73,4.57,113.9,0.159,0.08
Twins,90,4.41,1526,758,716,187,402,997,6.14,2.48,2.48,9.4,1.15,0.263,1.32,0.29,0.71,4.26,168.4,0.16,0.06
Red Sox,95,4.49,1503,809,731,153,488,1141,7.01,3,2.34,9.24,0.94,0.26,1.36,0.3,0.68,3.99,208.5,0.18,0.08
Mets,66,4.5,1497,754,706,168,576,907,5.78,3.67,1.57,9.53,1.07,0.268,1.47,0.295,0.73,4.61,80.5,0.146,0.09
Cardinals,85,4.62,1544,796,751,210,508,969,5.96,3.12,1.91,9.49,1.29,0.266,1.4,0.289,0.73,4.75,69.1,0.152,0.08
Pirates,75,4.65,1527,801,746,178,502,926,5.77,3.13,1.84,9.52,1.11,0.266,1.4,0.292,0.7,4.52,90.3,0.147,0.08
Blue Jays,86,4.69,1560,826,748,184,485,984,6.17,3.04,2.03,9.78,1.15,0.272,1.43,0.302,0.69,4.46,147.3,0.157,0.08
Orioles,71,4.76,1579,820,767,198,526,981,6.09,3.27,1.87,9.8,1.23,0.274,1.45,0.301,0.72,4.71,117.4,0.154,0.08
Padres,64,4.87,1458,831,775,208,611,1091,6.86,3.84,1.79,9.17,1.31,0.259,1.45,0.289,0.71,4.81,36.7,0.173,0.1
Devil Rays,63,4.93,1454,852,787,196,639,877,5.49,4,1.37,9.11,1.23,0.259,1.46,0.278,0.7,5.12,29.7,0.138,0.1
Brewers,68,5.03,1590,873,811,219,575,1034,6.41,3.56,1.8,9.86,1.36,0.273,1.49,0.3,0.71,4.88,65.3,0.16,0.09
Royals,83,5.07,1569,867,810,190,566,865,5.41,3.54,1.53,9.82,1.19,0.274,1.48,0.295,0.69,4.86,96.6,0.136,0.09
Reds,69,5.09,1578,886,818,209,590,932,5.8,3.67,1.58,9.82,1.3,0.273,1.5,0.295,0.69,4.94,64.7,0.145,0.09
Rockies,74,5.24,1629,892,826,200,552,866,5.49,3.5,1.57,10.32,1.27,0.284,1.54,0.307,0.69,4.99,86.1,0.136,0.09
Tigers,43,5.32,1616,928,850,195,557,764,4.78,3.48,1.37,10.11,1.22,0.28,1.51,0.296,0.67,5.01,29.3,0.12,0.09
Rangers,71,5.69,1625,969,906,208,603,1009,6.34,3.79,1.67,10.2,1.31,0.283,1.55,0.313,0.66,4.9,86.1,0.157,0.09
Cardinals,105,3.75,1378,659,605,169,440,1041,6.45,2.72,2.37,8.53,1.05,0.246,1.25,0.276,0.74,4.17,167,0.171,0.07
Braves,96,3.75,1475,668,604,154,523,1025,6.36,3.25,1.96,9.16,0.96,0.26,1.38,0.294,0.75,4.15,161.4,0.165,0.08
Cubs,89,3.83,1363,665,623,169,545,1346,8.27,3.35,2.47,8.37,1.04,0.242,1.3,0.289,0.76,3.98,220.7,0.215,0.09
Dodgers,93,4.01,1386,684,647,178,521,1066,6.6,3.23,2.05,8.58,1.1,0.248,1.31,0.279,0.75,4.36,161.5,0.173,0.09
Padres,87,4.03,1460,705,645,184,422,1079,6.74,2.64,2.56,9.12,1.15,0.258,1.31,0.29,0.73,4.19,154.2,0.176,0.07
Twins,92,4.04,1523,715,663,167,431,1123,6.85,2.63,2.61,9.29,1.02,0.263,1.32,0.302,0.73,3.98,223.3,0.179,0.07
Astros,92,4.05,1416,698,650,174,525,1282,8,3.27,2.44,8.83,1.09,0.252,1.35,0.299,0.74,4.07,199.9,0.207,0.09
Marlins,83,4.1,1395,700,655,166,513,1116,6.98,3.21,2.18,8.72,1.04,0.252,1.33,0.288,0.73,4.17,160.2,0.183,0.08
Mets,71,4.1,1452,731,660,156,592,977,6.07,3.68,1.65,9.02,0.97,0.255,1.41,0.284,0.73,4.43,124.4,0.154,0.09
Athletics,91,4.17,1466,742,682,164,544,1034,6.32,3.33,1.9,8.97,1,0.257,1.37,0.289,0.72,4.34,178.7,0.164,0.09
Red Sox,98,4.19,1430,768,676,159,447,1132,7.02,2.77,2.53,8.87,0.99,0.252,1.29,0.289,0.69,4.03,204.4,0.182,0.07
Brewers,67,4.26,1440,757,683,164,476,1098,6.85,2.97,2.31,8.99,1.02,0.254,1.33,0.289,0.7,4.1,184.2,0.177,0.08
Angels,92,4.28,1476,734,692,170,502,1164,7.2,3.11,2.32,9.13,1.05,0.259,1.36,0.299,0.72,4.09,199.4,0.186,0.08
Pirates,72,4.31,1451,744,684,149,576,1079,6.8,3.63,1.87,9.14,0.94,0.261,1.42,0.301,0.72,4.24,155.3,0.174,0.09
Expos,67,4.33,1477,769,696,191,582,1032,6.42,3.62,1.77,9.19,1.19,0.262,1.42,0.291,0.73,4.71,96.7,0.164,0.09
Giants,91,4.34,1481,770,703,161,548,1020,6.3,3.39,1.86,9.15,0.99,0.259,1.39,0.29,0.71,4.31,122.9,0.161,0.09
Phillies,86,4.47,1488,781,726,214,502,1070,6.58,3.09,2.13,9.16,1.32,0.259,1.36,0.286,0.73,4.65,133.3,0.17,0.08
Rangers,89,4.54,1536,794,727,182,547,979,6.12,3.42,1.79,9.6,1.14,0.269,1.45,0.297,0.72,4.64,148.8,0.154,0.09
Yankees,101,4.69,1532,808,752,182,445,1058,6.6,2.77,2.38,9.55,1.13,0.267,1.37,0.3,0.69,4.27,187.9,0.17,0.07
Orioles,78,4.71,1488,830,761,159,687,1090,6.74,4.25,1.59,9.2,0.98,0.261,1.49,0.298,0.7,4.52,160,0.169,0.11
Mariners,63,4.76,1498,823,772,212,575,1036,6.39,3.55,1.8,9.24,1.31,0.261,1.42,0.286,0.72,4.85,87.3,0.162,0.09
Indians,80,4.82,1553,857,785,201,579,1115,6.84,3.55,1.93,9.53,1.23,0.267,1.45,0.301,0.7,4.62,96,0.173,0.09
Devil Rays,70,4.82,1459,842,759,192,580,923,5.86,3.68,1.59,9.27,1.22,0.261,1.44,0.283,0.69,4.93,71.7,0.147,0.09
White Sox,83,4.91,1505,831,782,224,527,1013,6.37,3.31,1.92,9.46,1.41,0.268,1.42,0.293,0.71,4.87,131,0.164,0.09
Tigers,72,4.93,1542,844,788,190,530,995,6.22,3.31,1.88,9.64,1.19,0.27,1.44,0.299,0.69,4.6,111.8,0.158,0.08
Blue Jays,67,4.93,1505,823,778,181,608,956,6.05,3.85,1.57,9.53,1.15,0.268,1.49,0.296,0.7,4.77,118.7,0.152,0.1
Diamondbacks,51,4.98,1480,899,795,197,668,1153,7.23,4.19,1.73,9.28,1.23,0.261,1.5,0.297,0.68,4.78,93.3,0.18,0.1
Royals,58,5.16,1638,905,815,208,518,887,5.62,3.28,1.71,10.38,1.32,0.285,1.52,0.307,0.68,4.92,93,0.14,0.08
Reds,76,5.21,1595,907,836,236,572,992,6.18,3.57,1.73,9.94,1.47,0.274,1.5,0.296,0.7,5.1,56.1,0.154,0.09
Rockies,68,5.54,1634,923,883,198,697,947,5.94,4.37,1.36,10.25,1.24,0.283,1.62,0.311,0.7,5.13,72.4,0.145,0.11
Cardinals,100,3.49,1399,634,560,153,443,974,6.06,2.76,2.2,8.71,0.95,0.252,1.27,0.282,0.75,4.09,150.1,0.161,0.07
Astros,89,3.52,1336,609,564,155,440,1164,7.26,2.74,2.65,8.33,0.97,0.242,1.23,0.281,0.76,3.84,211.6,0.193,0.07
Indians,93,3.61,1363,642,582,157,413,1050,6.51,2.56,2.54,8.44,0.97,0.244,1.22,0.275,0.74,3.92,188,0.174,0.07
White Sox,99,3.61,1392,645,592,167,459,1040,6.34,2.8,2.27,8.49,1.02,0.246,1.25,0.275,0.75,4.12,223.8,0.168,0.07
Angels,95,3.68,1419,643,598,158,443,1126,6.92,2.72,2.54,8.72,0.97,0.25,1.27,0.288,0.75,3.89,207.3,0.183,0.07
Athletics,88,3.7,1315,658,596,154,504,1075,6.67,3.13,2.13,8.16,0.96,0.238,1.25,0.271,0.73,4.08,179,0.177,0.08
Twins,83,3.72,1458,662,606,169,348,965,5.93,2.14,2.77,8.96,1.04,0.257,1.23,0.283,0.74,4,183.7,0.159,0.06
Mets,83,3.77,1390,648,602,135,491,1012,6.34,3.08,2.06,8.71,0.85,0.249,1.31,0.283,0.74,3.98,166.1,0.165,0.08
Nationals,81,3.87,1456,673,627,140,539,997,6.15,3.33,1.85,8.99,0.86,0.257,1.37,0.29,0.75,4.16,138.6,0.159,0.09
Brewers,81,3.98,1382,697,636,169,569,1173,7.34,3.56,2.06,8.65,1.06,0.247,1.36,0.285,0.74,4.2,160.2,0.189,0.09
Braves,90,3.98,1487,674,639,145,520,929,5.79,3.24,1.79,9.27,0.9,0.264,1.39,0.294,0.74,4.19,139.2,0.15,0.08
Blue Jays,80,4.06,1475,705,653,185,444,958,5.96,2.76,2.16,9.17,1.15,0.261,1.33,0.286,0.74,4.42,133.5,0.155,0.07
Padres,82,4.13,1452,726,668,146,503,1133,7.01,3.11,2.25,8.98,0.9,0.255,1.34,0.295,0.71,3.9,167.8,0.181,0.08
Marlins,83,4.19,1459,732,671,116,563,1125,7.02,3.51,2,9.1,0.72,0.26,1.4,0.308,0.7,3.81,199.3,0.18,0.09
Cubs,79,4.19,1357,714,671,186,576,1256,7.85,3.6,2.18,8.48,1.16,0.244,1.34,0.284,0.74,4.26,145.9,0.203,0.09
Phillies,88,4.21,1379,726,672,189,487,1159,7.27,3.05,2.38,8.65,1.19,0.248,1.3,0.283,0.72,4.29,156.3,0.189,0.08
Giants,75,4.35,1456,745,698,151,592,972,6.06,3.69,1.64,9.07,0.94,0.258,1.42,0.289,0.72,4.35,112.8,0.155,0.09
Dodgers,71,4.38,1434,755,695,182,471,1004,6.33,2.97,2.13,9.04,1.15,0.257,1.33,0.285,0.71,4.4,109.2,0.164,0.08
Pirates,67,4.44,1456,769,708,162,612,958,6,3.84,1.57,9.13,1.02,0.261,1.44,0.29,0.72,4.57,69.6,0.153,0.1
Mariners,69,4.49,1483,751,712,179,496,892,5.62,3.13,1.8,9.35,1.13,0.264,1.39,0.287,0.72,4.56,91.8,0.145,0.08
Tigers,71,4.52,1504,787,721,193,461,907,5.69,2.89,1.97,9.43,1.21,0.267,1.37,0.29,0.7,4.57,96.2,0.148,0.08
Yankees,95,4.54,1495,789,721,164,463,985,6.2,2.91,2.13,9.4,1.03,0.265,1.37,0.297,0.69,4.28,147.8,0.159,0.08
Orioles,74,4.56,1458,800,724,180,580,1052,6.63,3.66,1.81,9.19,1.13,0.26,1.43,0.292,0.7,4.51,121.8,0.169,0.09
Red Sox,95,4.74,1550,805,753,164,440,959,6.04,2.77,2.18,9.76,1.03,0.272,1.39,0.303,0.69,4.28,137.1,0.154,0.07
Diamondbacks,77,4.87,1580,856,788,193,537,1038,6.41,3.32,1.93,9.76,1.19,0.272,1.45,0.303,0.69,4.55,114.7,0.162,0.08
Rangers,79,4.97,1589,858,795,159,522,932,5.83,3.26,1.79,9.93,0.99,0.274,1.47,0.304,0.67,4.37,134.2,0.146,0.08
Rockies,67,5.14,1600,862,810,175,604,981,6.22,3.83,1.62,10.15,1.11,0.281,1.55,0.314,0.7,4.7,100.7,0.154,0.1
Reds,73,5.18,1657,889,824,219,492,955,6,3.09,1.94,10.41,1.38,0.284,1.5,0.309,0.7,4.87,66.9,0.149,0.08
Devil Rays,67,5.4,1570,936,853,194,615,949,6.01,3.89,1.54,9.94,1.23,0.275,1.54,0.302,0.66,4.89,46.3,0.149,0.1
Royals,56,5.56,1640,935,873,178,580,924,5.88,3.69,1.59,10.44,1.13,0.287,1.57,0.317,0.67,4.74,60.6,0.145,0.09
Tigers,95,3.85,1420,675,620,160,489,1003,6.23,3.04,2.05,8.83,0.99,0.253,1.32,0.284,0.74,4.32,187.4,0.163,0.08
Padres,88,3.88,1385,679,631,176,468,1097,6.75,2.88,2.34,8.52,1.08,0.245,1.27,0.276,0.74,4.27,166.6,0.178,0.08
Twins,96,3.95,1490,683,632,182,356,1164,7.28,2.23,3.27,9.32,1.14,0.263,1.28,0.302,0.74,3.99,203.3,0.192,0.06
Angels,89,4.04,1410,732,652,158,471,1164,7.21,2.92,2.47,8.74,0.98,0.251,1.29,0.291,0.7,4.03,213.2,0.189,0.08
Astros,82,4.09,1425,719,668,182,480,1160,7.11,2.94,2.42,8.73,1.12,0.251,1.3,0.286,0.73,4.27,190.6,0.187,0.08
Mets,97,4.16,1402,731,675,180,527,1161,7.15,3.25,2.2,8.63,1.11,0.248,1.32,0.284,0.73,4.37,166,0.186,0.09
Athletics,93,4.22,1525,727,680,162,529,1003,6.22,3.28,1.9,9.45,1,0.268,1.41,0.301,0.73,4.42,174.3,0.16,0.08
Dodgers,88,4.23,1524,751,686,152,492,1068,6.58,3.03,2.17,9.39,0.94,0.265,1.38,0.302,0.71,4.13,198.9,0.17,0.08
Marlins,78,4.37,1465,772,696,166,622,1088,6.83,3.91,1.75,9.2,1.04,0.262,1.46,0.299,0.72,4.59,123.6,0.173,0.1
Blue Jays,87,4.37,1447,754,694,185,504,1076,6.78,3.18,2.13,9.12,1.17,0.259,1.37,0.292,0.72,4.51,153.6,0.175,0.08
Yankees,97,4.43,1463,767,710,170,496,1019,6.35,3.09,2.05,9.12,1.06,0.258,1.36,0.289,0.7,4.42,171.5,0.164,0.08
Indians,78,4.43,1583,782,701,166,429,948,5.99,2.71,2.21,10.01,1.05,0.277,1.41,0.308,0.7,4.34,165.2,0.153,0.07
Diamondbacks,76,4.49,1503,788,728,168,536,1115,6.87,3.3,2.08,9.27,1.04,0.262,1.4,0.299,0.7,4.34,189.3,0.176,0.09
Reds,80,4.53,1576,801,728,213,464,1053,6.56,2.89,2.27,9.81,1.33,0.272,1.41,0.301,0.72,4.69,146.1,0.167,0.07
Cardinals,83,4.54,1475,762,721,193,504,970,6.11,3.17,1.92,9.29,1.21,0.263,1.38,0.288,0.73,4.77,76.9,0.157,0.08
Pirates,67,4.55,1545,797,725,156,620,1060,6.65,3.89,1.71,9.69,0.98,0.273,1.51,0.312,0.71,4.53,128.1,0.167,0.1
Braves,79,4.6,1529,805,736,183,572,1049,6.55,3.57,1.83,9.55,1.14,0.267,1.46,0.3,0.71,4.65,110.1,0.165,0.09
Mariners,78,4.6,1500,792,739,183,560,1067,6.64,3.48,1.91,9.33,1.14,0.264,1.42,0.297,0.71,4.59,136.1,0.17,0.09
Rangers,80,4.61,1558,784,733,162,496,972,6.11,3.12,1.96,9.8,1.02,0.275,1.44,0.307,0.71,4.44,158.3,0.156,0.08
Phillies,85,4.61,1561,812,748,211,512,1138,7.01,3.16,2.22,9.62,1.3,0.27,1.42,0.304,0.72,4.65,143.1,0.179,0.08
White Sox,90,4.61,1534,794,743,200,433,1012,6.29,2.69,2.34,9.53,1.24,0.267,1.36,0.295,0.71,4.56,193.6,0.162,0.07
Giants,76,4.64,1422,790,737,153,584,992,6.24,3.68,1.7,8.95,0.96,0.255,1.4,0.287,0.69,4.52,132.2,0.159,0.09
Rockies,76,4.66,1549,812,749,155,553,952,5.92,3.44,1.72,9.63,0.96,0.272,1.45,0.304,0.7,4.51,174.8,0.151,0.09
Cubs,66,4.74,1396,834,758,210,687,1250,7.82,4.3,1.82,8.73,1.31,0.249,1.45,0.286,0.71,4.88,101.9,0.196,0.11
Red Sox,86,4.83,1570,825,773,181,509,1070,6.68,3.18,2.1,9.8,1.13,0.275,1.44,0.311,0.7,4.5,135.7,0.17,0.08
Brewers,75,4.83,1454,833,765,177,514,1145,7.23,3.24,2.23,9.18,1.12,0.259,1.38,0.297,0.67,4.39,160.6,0.184,0.08
Devil Rays,61,4.97,1600,856,784,180,606,979,6.2,3.84,1.62,10.14,1.14,0.28,1.55,0.312,0.7,4.83,88.9,0.154,0.1
Nationals,71,5.03,1535,872,803,193,584,960,6.02,3.66,1.64,9.62,1.21,0.267,1.48,0.292,0.69,4.97,47,0.149,0.09
Orioles,70,5.35,1579,899,844,216,613,1016,6.44,3.89,1.66,10.01,1.37,0.279,1.54,0.307,0.69,5.09,72.2,0.161,0.1
Royals,62,5.67,1648,971,899,213,637,904,5.7,4.02,1.42,10.4,1.34,0.287,1.6,0.311,0.67,5.29,-1,0.141,0.1
Padres,89,3.72,1406,666,614,119,474,1136,6.89,2.87,2.4,8.52,0.72,0.245,1.27,0.287,0.72,3.81,222.4,0.182,0.08
Red Sox,96,3.87,1350,657,618,151,482,1149,7.19,3.02,2.38,8.45,0.94,0.244,1.27,0.284,0.74,4.14,182,0.189,0.08
Blue Jays,83,4,1383,699,644,157,479,1067,6.63,2.98,2.23,8.59,0.98,0.248,1.29,0.282,0.72,4.28,172.9,0.175,0.08
Cubs,85,4.04,1340,690,650,165,573,1211,7.53,3.56,2.11,8.34,1.03,0.241,1.32,0.281,0.74,4.36,179.6,0.196,0.09
Indians,96,4.05,1519,704,659,146,410,1047,6.44,2.52,2.55,9.35,0.9,0.265,1.32,0.302,0.72,4.06,202.6,0.169,0.07
Braves,84,4.11,1442,733,665,172,537,1106,6.83,3.32,2.06,8.91,1.06,0.254,1.36,0.288,0.72,4.45,127,0.177,0.09
Diamondbacks,90,4.13,1446,732,662,169,546,1088,6.8,3.41,1.99,9.03,1.06,0.258,1.38,0.293,0.73,4.52,158.9,0.175,0.09
Twins,79,4.18,1505,725,667,185,420,1094,6.85,2.63,2.6,9.43,1.16,0.266,1.34,0.301,0.73,4.37,137,0.178,0.07
Giants,71,4.2,1442,720,678,133,593,1057,6.54,3.67,1.78,8.93,0.82,0.255,1.4,0.293,0.72,4.3,162,0.168,0.09
Dodgers,82,4.2,1443,727,677,146,518,1184,7.35,3.22,2.29,8.96,0.91,0.256,1.35,0.301,0.71,4.07,200.1,0.191,0.08
Angels,94,4.23,1480,731,674,151,477,1156,7.25,2.99,2.42,9.28,0.95,0.263,1.36,0.307,0.71,4.1,197.4,0.188,0.08
Mets,88,4.27,1415,750,689,165,570,1134,7.03,3.53,1.99,8.77,1.02,0.25,1.37,0.287,0.71,4.46,147.4,0.18,0.09
Athletics,76,4.3,1468,758,692,138,530,1036,6.44,3.29,1.95,9.12,0.86,0.259,1.38,0.296,0.69,4.23,168.5,0.166,0.09
Rockies,90,4.32,1497,758,706,164,504,967,5.91,3.08,1.92,9.15,1,0.261,1.36,0.29,0.71,4.52,167.3,0.154,0.08
Brewers,83,4.44,1513,776,713,161,507,1174,7.32,3.16,2.32,9.43,1,0.264,1.4,0.308,0.7,4.22,190.6,0.187,0.08
Yankees,94,4.5,1498,777,725,150,578,1009,6.26,3.59,1.75,9.29,0.93,0.264,1.43,0.299,0.71,4.51,132,0.16,0.09
Royals,69,4.5,1547,778,719,168,520,993,6.22,3.26,1.91,9.69,1.05,0.272,1.44,0.304,0.71,4.55,119.7,0.159,0.08
Nationals,73,4.58,1502,783,736,187,580,931,5.79,3.61,1.61,9.34,1.16,0.263,1.44,0.286,0.72,4.92,43.3,0.147,0.09
Tigers,88,4.58,1498,797,737,174,566,1047,6.51,3.52,1.85,9.32,1.08,0.262,1.43,0.295,0.71,4.67,109.8,0.165,0.09
Cardinals,78,4.67,1514,829,745,168,509,945,5.92,3.19,1.86,9.49,1.05,0.266,1.41,0.293,0.68,4.66,98,0.15,0.08
Astros,73,4.7,1566,813,765,206,510,1109,6.81,3.13,2.17,9.62,1.27,0.268,1.42,0.3,0.72,4.73,118.2,0.173,0.08
Rangers,75,4.76,1525,844,756,155,668,976,6.14,4.2,1.46,9.6,0.98,0.27,1.53,0.303,0.69,4.83,91.8,0.153,0.11
Phillies,89,4.76,1555,821,772,198,558,1050,6.48,3.44,1.88,9.6,1.22,0.27,1.45,0.301,0.72,4.86,98.7,0.164,0.09
Mariners,88,4.77,1578,813,760,147,546,1020,6.4,3.43,1.87,9.9,0.92,0.277,1.48,0.315,0.69,4.42,142.4,0.162,0.09
White Sox,72,4.77,1556,839,764,174,499,1015,6.34,3.12,2.03,9.72,1.09,0.271,1.43,0.304,0.68,4.56,170.9,0.161,0.08
Pirates,68,4.94,1627,846,795,174,518,997,6.2,3.22,1.92,10.11,1.08,0.281,1.48,0.315,0.7,4.66,109.8,0.156,0.08
Reds,72,4.95,1605,853,798,198,482,1068,6.63,2.99,2.22,9.96,1.23,0.277,1.44,0.31,0.69,4.69,148.3,0.168,0.08
Marlins,71,4.96,1617,891,795,176,661,1142,7.12,4.12,1.73,10.08,1.1,0.278,1.58,0.321,0.69,4.77,83.4,0.175,0.1
Orioles,69,5.19,1491,868,829,161,696,1087,6.8,4.35,1.56,9.33,1.01,0.264,1.52,0.302,0.68,4.78,107.9,0.169,0.11
Devil Rays,66,5.53,1649,944,879,199,568,1194,7.52,3.58,2.1,10.38,1.25,0.286,1.55,0.331,0.67,4.7,89.5,0.187,0.09
Blue Jays,86,3.49,1330,610,561,134,467,1184,7.37,2.91,2.54,8.27,0.83,0.24,1.24,0.284,0.75,3.81,224.4,0.195,0.08
Dodgers,84,3.68,1381,648,592,123,480,1205,7.49,2.98,2.51,8.59,0.76,0.247,1.29,0.295,0.73,3.67,225.1,0.197,0.08
Rays,97,3.82,1349,671,618,166,526,1143,7.06,3.25,2.17,8.33,1.02,0.242,1.29,0.277,0.74,4.22,164.1,0.186,0.09
Brewers,90,3.87,1415,689,626,175,528,1110,6.86,3.26,2.1,8.75,1.08,0.251,1.33,0.285,0.75,4.34,134.9,0.179,0.09
Cubs,97,3.87,1329,671,624,160,548,1264,7.84,3.4,2.31,8.25,0.99,0.238,1.29,0.281,0.74,4.09,193.5,0.204,0.09
Phillies,92,3.89,1444,680,627,160,533,1081,6.71,3.31,2.03,8.96,0.99,0.256,1.36,0.292,0.75,4.3,162.8,0.174,0.09
Diamondbacks,82,3.99,1403,706,636,147,451,1229,7.71,2.83,2.73,8.8,0.92,0.251,1.29,0.297,0.71,3.84,226.8,0.201,0.07
Angels,100,4,1455,697,645,160,457,1106,6.86,2.83,2.42,9.02,0.99,0.258,1.32,0.296,0.73,4.12,172.8,0.18,0.07
Red Sox,95,4.01,1369,694,645,147,548,1185,7.37,3.41,2.16,8.52,0.91,0.246,1.33,0.289,0.73,4.09,170.7,0.192,0.09
Athletics,75,4.01,1364,690,640,135,576,1061,6.65,3.61,1.84,8.55,0.85,0.249,1.35,0.287,0.72,4.19,142.2,0.174,0.09
Mets,89,4.07,1415,715,663,163,590,1181,7.26,3.63,2,8.7,1,0.249,1.37,0.289,0.74,4.32,133.2,0.186,0.09
White Sox,89,4.11,1471,729,665,156,460,1147,7.08,2.84,2.49,9.08,0.96,0.258,1.32,0.298,0.71,4,230.7,0.185,0.07
Twins,88,4.18,1568,745,677,183,406,995,6.14,2.5,2.45,9.67,1.13,0.271,1.35,0.301,0.72,4.3,130.9,0.16,0.07
Cardinals,86,4.2,1517,725,679,163,496,957,5.92,3.07,1.93,9.39,1.01,0.265,1.38,0.295,0.73,4.4,108.7,0.153,0.08
Yankees,89,4.28,1478,727,686,143,489,1141,7.12,3.05,2.33,9.23,0.89,0.262,1.36,0.307,0.71,3.96,192.8,0.185,0.08
Giants,72,4.38,1416,759,701,147,652,1240,7.74,4.07,1.9,8.84,0.92,0.252,1.43,0.3,0.71,4.24,140.3,0.196,0.1
Astros,86,4.39,1453,743,695,197,492,1095,6.91,3.11,2.23,9.17,1.24,0.26,1.36,0.293,0.73,4.53,109.9,0.179,0.08
Padres,63,4.41,1466,764,714,165,561,1100,6.79,3.46,1.96,9.05,1.02,0.258,1.39,0.294,0.71,4.33,118.4,0.175,0.09
Marlins,84,4.44,1421,767,708,161,586,1127,7.07,3.67,1.92,8.91,1.01,0.253,1.4,0.29,0.71,4.37,128.1,0.18,0.09
Indians,81,4.46,1530,761,712,170,444,986,6.18,2.78,2.22,9.58,1.06,0.27,1.37,0.301,0.71,4.33,121.8,0.16,0.07
Braves,72,4.47,1439,778,715,156,586,1076,6.72,3.66,1.84,8.99,0.97,0.256,1.41,0.293,0.7,4.35,110.4,0.172,0.09
Royals,75,4.5,1473,781,723,159,515,1085,6.75,3.21,2.11,9.17,0.99,0.26,1.38,0.298,0.69,4.21,163.1,0.175,0.08
Reds,74,4.55,1542,800,729,201,557,1227,7.66,3.48,2.2,9.62,1.25,0.269,1.46,0.312,0.73,4.54,125.4,0.193,0.09
Nationals,59,4.66,1496,825,743,190,588,1063,6.67,3.69,1.81,9.39,1.19,0.264,1.45,0.296,0.7,4.71,81.2,0.169,0.09
Mariners,61,4.73,1544,811,754,161,626,1016,6.37,3.93,1.62,9.68,1.01,0.271,1.51,0.307,0.71,4.59,76.3,0.16,0.1
Rockies,74,4.77,1547,822,766,148,562,1041,6.48,3.5,1.85,9.63,0.92,0.27,1.46,0.309,0.69,4.3,172.2,0.164,0.09
Tigers,74,4.91,1541,857,788,172,644,991,6.17,4.01,1.54,9.6,1.07,0.27,1.51,0.302,0.69,4.79,68,0.155,0.1
Pirates,67,5.1,1631,884,824,176,657,963,5.96,4.06,1.47,10.09,1.09,0.28,1.57,0.311,0.7,4.84,41,0.148,0.1
Orioles,68,5.15,1538,869,814,184,687,922,5.84,4.35,1.34,9.73,1.16,0.272,1.56,0.298,0.7,5.14,35,0.144,0.11
Rangers,79,5.37,1647,967,860,176,625,963,6.01,3.9,1.54,10.28,1.1,0.284,1.58,0.315,0.66,4.83,66,0.148,0.1
Dodgers,95,3.41,1265,611,559,127,584,1272,7.77,3.57,2.18,7.73,0.78,0.228,1.25,0.275,0.75,3.8,199.9,0.206,0.1
Giants,88,3.55,1268,611,571,140,584,1302,8.1,3.63,2.23,7.89,0.87,0.231,1.28,0.279,0.76,3.85,191.2,0.213,0.1
Braves,86,3.57,1399,641,581,119,530,1232,7.58,3.26,2.32,8.61,0.73,0.249,1.32,0.299,0.74,3.66,226,0.199,0.09
Cardinals,91,3.66,1407,640,586,123,460,1049,6.55,2.87,2.28,8.79,0.77,0.252,1.3,0.292,0.73,3.82,182.4,0.172,0.08
Cubs,83,3.84,1329,672,617,160,586,1272,7.92,3.65,2.17,8.28,1,0.24,1.32,0.285,0.74,4.11,169.9,0.206,0.1
Mariners,85,3.87,1359,692,625,172,534,1043,6.46,3.31,1.95,8.42,1.07,0.243,1.3,0.272,0.73,4.39,132.1,0.169,0.09
White Sox,79,4.16,1438,732,665,169,507,1119,7,3.17,2.21,8.99,1.06,0.256,1.35,0.294,0.72,4.21,202.3,0.182,0.08
Phillies,93,4.16,1479,709,673,189,489,1153,7.13,3.02,2.36,9.14,1.17,0.26,1.35,0.296,0.75,4.36,127.8,0.184,0.08
Reds,78,4.18,1420,723,677,188,577,1069,6.6,3.56,1.85,8.76,1.16,0.253,1.37,0.283,0.74,4.63,104.4,0.171,0.09
Rockies,92,4.24,1427,715,677,141,528,1154,7.22,3.3,2.19,8.93,0.88,0.255,1.36,0.299,0.71,3.96,202.9,0.187,0.09
Yankees,103,4.28,1386,753,689,181,574,1260,7.82,3.56,2.2,8.6,1.12,0.247,1.35,0.29,0.72,4.32,188.2,0.202,0.09
Athletics,75,4.29,1486,761,690,156,523,1124,6.99,3.25,2.15,9.24,0.97,0.261,1.39,0.302,0.7,4.1,164.3,0.18,0.08
Marlins,87,4.32,1425,766,694,160,601,1248,7.77,3.74,2.08,8.87,1,0.252,1.4,0.298,0.71,4.15,130.6,0.198,0.1
Tigers,86,4.34,1449,745,698,182,594,1102,6.85,3.69,1.86,9.01,1.13,0.259,1.41,0.293,0.73,4.53,126.3,0.177,0.1
Red Sox,95,4.35,1494,736,695,167,530,1230,7.71,3.32,2.32,9.36,1.05,0.263,1.41,0.309,0.73,4.14,174.6,0.196,0.08
Rays,84,4.36,1421,754,691,183,515,1125,7.09,3.25,2.18,8.96,1.15,0.254,1.36,0.289,0.71,4.37,133.8,0.183,0.08
Padres,75,4.37,1422,769,705,167,603,1187,7.36,3.74,1.97,8.82,1.04,0.253,1.4,0.294,0.71,4.3,104.7,0.189,0.1
Rangers,87,4.38,1432,740,699,171,531,1016,6.37,3.33,1.91,8.98,1.07,0.257,1.37,0.288,0.72,4.49,158.1,0.165,0.09
Diamondbacks,70,4.44,1470,782,714,168,525,1158,7.2,3.26,2.21,9.14,1.04,0.258,1.38,0.298,0.7,4.2,148.4,0.185,0.08
Angels,97,4.45,1513,761,715,180,523,1062,6.61,3.26,2.03,9.42,1.12,0.267,1.41,0.301,0.72,4.45,134.1,0.17,0.08
Mets,70,4.46,1452,757,707,158,616,1031,6.51,3.89,1.67,9.16,1,0.259,1.45,0.292,0.72,4.5,83.3,0.164,0.1
Blue Jays,75,4.47,1509,771,720,181,551,1181,7.33,3.42,2.14,9.36,1.12,0.266,1.42,0.308,0.72,4.35,149.6,0.188,0.09
Twins,87,4.5,1542,765,726,185,466,1052,6.52,2.89,2.26,9.55,1.15,0.268,1.38,0.301,0.72,4.39,131.5,0.168,0.07
Astros,74,4.54,1521,770,722,176,546,1144,7.2,3.44,2.1,9.57,1.11,0.27,1.45,0.311,0.72,4.35,112.6,0.183,0.09
Pirates,62,4.59,1491,768,724,152,563,919,5.83,3.57,1.63,9.46,0.96,0.269,1.45,0.3,0.71,4.48,85.9,0.15,0.09
Royals,65,4.83,1486,842,765,166,600,1153,7.28,3.79,1.92,9.38,1.05,0.265,1.46,0.307,0.68,4.36,136.3,0.184,0.1
Brewers,80,4.84,1498,818,772,207,607,1104,6.92,3.81,1.82,9.4,1.3,0.264,1.47,0.295,0.72,4.84,51.1,0.174,0.1
Nationals,59,5.02,1533,874,794,173,629,911,5.76,3.97,1.45,9.69,1.09,0.27,1.52,0.296,0.68,4.82,45.2,0.144,0.1
Indians,65,5.07,1570,865,808,183,598,986,6.19,3.75,1.65,9.85,1.15,0.275,1.51,0.305,0.69,4.73,75.6,0.155,0.09
Orioles,64,5.16,1633,876,820,218,546,933,5.88,3.44,1.71,10.28,1.37,0.283,1.52,0.307,0.7,5.03,74,0.147,0.09
Giants,92,3.36,1279,583,546,134,578,1331,8.2,3.56,2.3,7.88,0.83,0.231,1.27,0.282,0.77,3.74,172.6,0.216,0.09
Padres,90,3.41,1305,581,551,139,517,1295,8,3.2,2.5,8.06,0.86,0.237,1.25,0.286,0.77,3.66,163.9,0.214,0.09
Braves,91,3.57,1326,629,571,126,505,1241,7.76,3.16,2.46,8.29,0.79,0.241,1.27,0.29,0.73,3.65,172.7,0.205,0.08
Cardinals,86,3.57,1412,641,577,133,477,1094,6.77,2.95,2.29,8.74,0.82,0.252,1.3,0.292,0.74,3.85,128.5,0.178,0.08
Athletics,81,3.58,1315,626,570,153,512,1070,6.73,3.22,2.09,8.27,0.96,0.241,1.28,0.274,0.75,4.13,125.9,0.178,0.09
Phillies,97,3.68,1402,640,596,168,416,1183,7.31,2.57,2.84,8.66,1.04,0.249,1.25,0.289,0.75,3.93,147.3,0.194,0.07
Mets,79,3.73,1438,652,602,135,545,1106,6.85,3.38,2.03,8.91,0.84,0.255,1.36,0.296,0.75,4,117.7,0.177,0.09
Rays,96,3.78,1347,649,611,175,478,1189,7.36,2.96,2.49,8.34,1.08,0.241,1.26,0.278,0.75,4.09,145.4,0.195,0.08
Rangers,90,3.93,1355,687,636,162,551,1181,7.3,3.41,2.14,8.38,1,0.242,1.31,0.28,0.74,4.17,175.3,0.19,0.09
Mariners,61,3.95,1402,698,631,157,452,973,6.09,2.83,2.15,8.77,0.98,0.25,1.29,0.279,0.71,4.17,111.6,0.16,0.07
Twins,94,3.95,1493,671,638,155,383,1048,6.49,2.37,2.74,9.25,0.96,0.263,1.29,0.299,0.73,3.91,168.1,0.172,0.06
Dodgers,80,4.01,1323,692,643,134,539,1274,7.95,3.36,2.36,8.26,0.84,0.239,1.29,0.287,0.71,3.76,155.6,0.208,0.09
Reds,91,4.02,1404,685,649,158,524,1130,7,3.25,2.16,8.7,0.98,0.25,1.33,0.288,0.74,4.12,137.5,0.183,0.09
Angels,80,4.04,1422,702,651,148,565,1130,7.02,3.51,2,8.83,0.92,0.252,1.37,0.292,0.73,4.11,126.1,0.181,0.09
Yankees,95,4.06,1349,693,650,179,540,1154,7.2,3.37,2.14,8.42,1.12,0.245,1.31,0.281,0.74,4.34,139.2,0.189,0.09
Astros,76,4.09,1446,729,654,140,548,1210,7.57,3.43,2.21,9.04,0.88,0.257,1.39,0.305,0.71,3.89,147.9,0.195,0.09
Marlins,80,4.09,1433,717,654,134,549,1168,7.31,3.44,2.13,8.97,0.84,0.255,1.38,0.301,0.71,3.92,130.1,0.188,0.09
White Sox,88,4.09,1471,704,658,136,490,1149,7.15,3.05,2.34,9.15,0.85,0.26,1.36,0.305,0.72,3.8,229.9,0.186,0.08
Nationals,69,4.13,1469,742,659,151,512,1068,6.7,3.21,2.09,9.21,0.95,0.26,1.38,0.297,0.71,4.12,111.4,0.172,0.08
Rockies,83,4.14,1405,717,663,139,525,1234,7.7,3.28,2.35,8.77,0.87,0.253,1.34,0.302,0.71,3.83,193.1,0.201,0.09
Red Sox,89,4.19,1402,744,678,152,580,1207,7.46,3.58,2.08,8.66,0.94,0.249,1.36,0.292,0.71,4.08,146.6,0.193,0.09
Blue Jays,85,4.23,1407,728,677,150,539,1184,7.4,3.37,2.2,8.79,0.94,0.253,1.35,0.297,0.71,4.04,156.1,0.192,0.09
Cubs,75,4.24,1409,767,677,154,605,1268,7.94,3.79,2.1,8.83,0.96,0.25,1.4,0.298,0.7,4.11,129,0.201,0.1
Tigers,81,4.29,1445,743,688,142,537,1056,6.58,3.35,1.97,9,0.88,0.258,1.37,0.296,0.71,4.14,148.7,0.17,0.09
Indians,69,4.3,1477,752,684,147,572,967,6.07,3.59,1.69,9.28,0.92,0.264,1.43,0.297,0.71,4.4,76.5,0.155,0.09
Brewers,77,4.59,1487,804,734,173,582,1258,7.87,3.64,2.16,9.3,1.08,0.261,1.44,0.308,0.7,4.21,103.4,0.199,0.09
Orioles,66,4.59,1508,785,733,186,520,1007,6.31,3.26,1.94,9.45,1.17,0.265,1.41,0.294,0.71,4.57,108,0.161,0.08
Diamondbacks,65,4.81,1503,836,765,210,548,1070,6.72,3.44,1.95,9.45,1.32,0.266,1.43,0.296,0.7,4.76,30.1,0.171,0.09
Royals,67,4.97,1553,845,794,176,551,1035,6.48,3.45,1.88,9.73,1.1,0.271,1.46,0.304,0.69,4.48,74.3,0.163,0.09
Pirates,57,5,1567,866,785,167,538,1026,6.54,3.43,1.91,9.99,1.06,0.275,1.49,0.311,0.67,4.45,42.6,0.163,0.09
Phillies,102,3.02,1320,529,496,120,404,1299,7.92,2.46,3.22,8.04,0.73,0.235,1.17,0.286,0.78,3.24,243.4,0.214,0.07
Giants,86,3.21,1260,578,523,96,559,1316,8.07,3.43,2.35,7.72,0.59,0.228,1.24,0.283,0.74,3.33,185.1,0.215,0.09
Padres,71,3.43,1324,611,552,125,521,1139,7.07,3.24,2.19,8.22,0.78,0.24,1.27,0.283,0.75,3.73,124.1,0.188,0.09
Braves,89,3.49,1332,605,573,125,521,1332,8.1,3.17,2.56,8.1,0.76,0.236,1.25,0.288,0.75,3.49,172,0.214,0.08
Dodgers,82,3.56,1287,612,567,132,507,1265,7.95,3.19,2.5,8.09,0.83,0.236,1.25,0.285,0.74,3.61,164,0.211,0.09
Angels,86,3.57,1388,633,581,142,476,1058,6.5,2.92,2.22,8.53,0.87,0.247,1.27,0.282,0.75,3.89,145.2,0.173,0.08
Nationals,80,3.58,1403,643,577,129,477,1049,6.51,2.96,2.2,8.71,0.8,0.25,1.3,0.287,0.74,3.83,126.5,0.171,0.08
Rays,91,3.58,1263,614,577,161,504,1143,7.1,3.13,2.27,7.84,1,0.231,1.22,0.265,0.76,4.03,134.8,0.19,0.08
Brewers,96,3.64,1348,638,583,147,440,1257,7.85,2.75,2.86,8.42,0.92,0.242,1.24,0.288,0.73,3.59,192.4,0.208,0.07
Athletics,74,3.71,1380,679,597,136,519,1160,7.21,3.23,2.24,8.58,0.85,0.246,1.31,0.289,0.72,3.8,155.1,0.188,0.08
Yankees,97,3.73,1423,657,605,152,507,1222,7.54,3.13,2.41,8.78,0.94,0.252,1.32,0.297,0.75,3.87,194.9,0.197,0.08
Cardinals,90,3.79,1461,692,615,136,448,1098,6.76,2.76,2.45,8.99,0.84,0.256,1.31,0.296,0.72,3.75,124,0.177,0.07
Rangers,96,3.79,1327,677,607,170,461,1179,7.36,2.88,2.56,8.29,1.06,0.241,1.24,0.278,0.73,3.98,166.4,0.196,0.08
Diamondbacks,94,3.8,1414,662,609,159,442,1058,6.6,2.76,2.39,8.82,0.99,0.252,1.29,0.286,0.74,4.02,121.6,0.173,0.07
Mariners,67,3.91,1369,675,623,145,436,1088,6.83,2.74,2.5,8.6,0.91,0.248,1.26,0.285,0.72,3.84,137.4,0.181,0.07
Marlins,72,3.95,1403,702,641,149,500,1218,7.51,3.08,2.44,8.65,0.92,0.248,1.3,0.292,0.72,3.79,120.8,0.197,0.08
Tigers,95,4.04,1406,711,647,149,492,1115,6.97,3.08,2.27,8.79,0.93,0.253,1.32,0.292,0.71,3.96,146,0.183,0.08
Pirates,72,4.05,1513,712,652,152,535,1031,6.4,3.32,1.93,9.4,0.94,0.265,1.41,0.3,0.74,4.2,52.8,0.163,0.09
White Sox,79,4.1,1463,706,665,147,439,1220,7.52,2.71,2.78,9.02,0.91,0.256,1.3,0.303,0.71,3.66,227.9,0.197,0.07
Reds,79,4.16,1414,720,678,185,539,1112,6.82,3.31,2.06,8.67,1.13,0.25,1.33,0.282,0.74,4.37,65.7,0.178,0.09
Mets,77,4.19,1482,742,674,147,514,1126,7,3.19,2.19,9.21,0.91,0.259,1.38,0.299,0.71,4,94.2,0.178,0.08
Red Sox,90,4.2,1366,737,680,156,540,1213,7.49,3.33,2.25,8.44,0.96,0.243,1.31,0.285,0.71,4.05,129.3,0.194,0.09
Indians,80,4.24,1482,760,685,153,463,1024,6.34,2.87,2.21,9.18,0.95,0.259,1.34,0.293,0.7,4.06,118.2,0.164,0.07
Blue Jays,81,4.33,1433,761,701,179,540,1169,7.21,3.33,2.16,8.84,1.1,0.253,1.35,0.29,0.72,4.29,97.6,0.186,0.09
Cubs,71,4.34,1439,756,692,162,580,1224,7.68,3.64,2.11,9.03,1.02,0.256,1.41,0.301,0.71,4.11,102.2,0.196,0.09
Rockies,73,4.44,1471,774,714,176,522,1118,6.95,3.25,2.14,9.15,1.09,0.261,1.38,0.298,0.71,4.24,110.5,0.18,0.08
Royals,71,4.45,1487,762,717,163,557,1080,6.7,3.45,1.94,9.22,1.01,0.262,1.41,0.299,0.72,4.27,89.1,0.172,0.09
Astros,56,4.51,1477,796,719,188,560,1191,7.47,3.51,2.13,9.26,1.18,0.261,1.42,0.301,0.71,4.35,59.4,0.19,0.09
Twins,63,4.6,1564,804,726,161,480,940,5.95,3.04,1.96,9.9,1.02,0.276,1.44,0.307,0.69,4.3,76.4,0.151,0.08
Orioles,69,4.92,1568,860,791,210,535,1044,6.49,3.33,1.95,9.75,1.31,0.273,1.45,0.302,0.7,4.67,56.7,0.165,0.09
Rays,90,3.19,1233,577,518,139,469,1383,8.53,2.89,2.95,7.6,0.86,0.225,1.17,0.277,0.76,3.51,221.8,0.231,0.08
Nationals,98,3.34,1296,594,545,129,497,1325,8.12,3.05,2.67,7.94,0.79,0.232,1.22,0.282,0.75,3.54,176,0.216,0.08
Reds,97,3.34,1356,588,540,152,427,1248,7.73,2.64,2.92,8.4,0.94,0.243,1.23,0.288,0.77,3.72,193.3,0.206,0.07
Dodgers,86,3.35,1277,597,540,122,539,1276,7.92,3.35,2.37,7.93,0.76,0.233,1.25,0.283,0.75,3.64,178.3,0.21,0.09
Braves,94,3.42,1310,600,549,145,464,1232,7.67,2.89,2.66,8.16,0.9,0.239,1.23,0.284,0.75,3.74,141.1,0.206,0.08
Athletics,94,3.5,1360,614,571,147,462,1136,6.96,2.83,2.46,8.33,0.9,0.242,1.24,0.279,0.75,3.89,172.7,0.185,0.08
Giants,94,3.68,1361,649,593,142,489,1237,7.67,3.03,2.53,8.44,0.88,0.243,1.27,0.289,0.74,3.78,120.4,0.202,0.08
Cardinals,88,3.71,1420,648,603,134,436,1218,7.49,2.68,2.79,8.74,0.82,0.25,1.27,0.298,0.73,3.62,164.3,0.198,0.07
Mariners,75,3.76,1359,651,609,166,449,1166,7.2,2.77,2.6,8.4,1.03,0.244,1.24,0.282,0.74,4,138.3,0.192,0.07
Tigers,88,3.77,1409,670,599,151,438,1318,8.29,2.76,3.01,8.86,0.95,0.253,1.29,0.307,0.73,3.63,218.5,0.218,0.07
Yankees,95,3.85,1401,668,619,190,431,1318,8.21,2.68,3.06,8.72,1.18,0.25,1.27,0.296,0.75,3.98,191,0.217,0.07
Phillies,81,3.86,1387,680,622,178,409,1385,8.59,2.54,3.39,8.6,1.1,0.247,1.24,0.298,0.73,3.72,181.6,0.228,0.07
Orioles,93,3.9,1433,705,642,184,481,1177,7.14,2.92,2.45,8.7,1.12,0.249,1.29,0.285,0.74,4.2,154.8,0.188,0.08
Pirates,79,3.91,1357,674,623,153,490,1192,7.48,3.08,2.43,8.52,0.96,0.244,1.29,0.286,0.73,3.94,96.8,0.196,0.08
Diamondbacks,81,3.94,1432,688,628,155,417,1200,7.53,2.62,2.88,8.99,0.97,0.256,1.29,0.301,0.72,3.81,151.9,0.198,0.07
Padres,76,4.01,1356,710,640,162,539,1205,7.56,3.38,2.24,8.51,1.02,0.244,1.32,0.284,0.72,4.11,74.4,0.196,0.09
Angels,89,4.02,1339,699,640,186,483,1157,7.26,3.03,2.4,8.41,1.17,0.243,1.27,0.277,0.73,4.26,84.5,0.192,0.08
Rangers,93,4.02,1378,707,644,175,446,1286,8.03,2.78,2.88,8.6,1.09,0.247,1.26,0.292,0.72,3.9,196.6,0.212,0.07
White Sox,85,4.02,1365,676,646,186,503,1246,7.76,3.13,2.48,8.5,1.16,0.247,1.29,0.288,0.75,4.23,154.2,0.204,0.08
Mets,74,4.09,1368,709,652,161,488,1240,7.78,3.06,2.54,8.59,1.01,0.246,1.29,0.29,0.71,3.93,138.7,0.204,0.08
Marlins,69,4.1,1448,724,657,133,495,1113,6.95,3.09,2.25,9.05,0.83,0.257,1.35,0.3,0.7,3.89,113.4,0.18,0.08
Brewers,83,4.22,1458,733,682,169,525,1402,8.68,3.25,2.67,9.03,1.05,0.256,1.36,0.313,0.72,3.82,161.4,0.225,0.08
Royals,72,4.3,1504,746,693,163,542,1177,7.3,3.36,2.17,9.33,1.01,0.266,1.41,0.311,0.72,4.18,129.2,0.188,0.09
Cubs,61,4.51,1399,759,708,175,573,1128,7.18,3.65,1.97,8.91,1.11,0.254,1.39,0.291,0.71,4.46,41.1,0.184,0.09
Astros,55,4.57,1493,794,722,173,540,1170,7.4,3.41,2.17,9.44,1.09,0.264,1.43,0.306,0.7,4.27,84.4,0.188,0.09
Blue Jays,73,4.64,1439,784,745,204,574,1142,7.12,3.58,1.99,8.97,1.27,0.258,1.39,0.291,0.72,4.66,68.4,0.184,0.09
Red Sox,69,4.72,1449,806,757,190,529,1176,7.33,3.3,2.22,9.04,1.19,0.258,1.37,0.296,0.7,4.41,66.2,0.189,0.09
Twins,66,4.77,1536,832,762,198,465,943,5.9,2.91,2.03,9.61,1.24,0.27,1.39,0.294,0.69,4.66,33.3,0.152,0.08
Indians,68,4.79,1503,845,767,174,543,1086,6.78,3.39,2,9.38,1.09,0.264,1.42,0.3,0.68,4.4,84.4,0.173,0.09
Rockies,64,5.22,1637,890,824,198,566,1144,7.24,3.58,2.02,10.36,1.25,0.284,1.55,0.325,0.69,4.59,63.9,0.179,0.09
Braves,96,3.18,1326,548,512,127,409,1232,7.65,2.54,3.01,8.23,0.79,0.24,1.2,0.288,0.77,3.44,164.3,0.206,0.07
Dodgers,92,3.25,1321,582,524,127,460,1292,8.02,2.85,2.81,8.2,0.79,0.239,1.23,0.291,0.76,3.45,174.5,0.214,0.08
Pirates,94,3.27,1299,577,535,101,515,1261,7.72,3.15,2.45,7.95,0.62,0.234,1.23,0.285,0.75,3.42,157.9,0.205,0.08
Reds,90,3.38,1294,589,554,170,435,1296,7.91,2.66,2.98,7.9,1.04,0.232,1.17,0.273,0.78,3.81,150.5,0.213,0.07
Cardinals,97,3.43,1366,596,556,112,451,1254,7.73,2.78,2.78,8.42,0.69,0.244,1.24,0.297,0.75,3.39,172.3,0.205,0.07
Royals,86,3.45,1366,601,555,155,469,1208,7.51,2.91,2.58,8.49,0.96,0.247,1.27,0.29,0.77,3.83,152.8,0.2,0.08
Athletics,96,3.56,1339,625,574,163,428,1183,7.33,2.65,2.76,8.3,1.01,0.239,1.22,0.276,0.75,3.83,148.5,0.195,0.07
Nationals,86,3.59,1367,626,576,142,405,1236,7.69,2.52,3.05,8.51,0.88,0.245,1.23,0.291,0.74,3.55,152.3,0.205,0.07
Tigers,93,3.61,1369,624,587,128,462,1428,8.79,2.84,3.09,8.42,0.79,0.244,1.25,0.306,0.74,3.27,237.8,0.233,0.08
Rangers,91,3.63,1370,636,590,157,498,1309,8.05,3.06,2.63,8.43,0.97,0.245,1.28,0.293,0.76,3.77,185.1,0.213,0.08
Marlins,62,3.71,1376,646,602,121,526,1177,7.26,3.24,2.24,8.48,0.75,0.246,1.3,0.292,0.73,3.69,114,0.191,0.09
Rays,92,3.74,1315,646,608,153,482,1310,8.05,2.96,2.72,8.08,0.94,0.237,1.23,0.284,0.74,3.71,154.8,0.215,0.08
Mets,74,3.78,1442,684,621,152,458,1209,7.37,2.79,2.64,8.79,0.93,0.251,1.29,0.295,0.73,3.79,138.6,0.194,0.07
Red Sox,97,3.79,1366,656,613,156,524,1294,8.01,3.24,2.47,8.46,0.97,0.245,1.3,0.294,0.75,3.84,145,0.211,0.09
Indians,92,3.82,1359,662,611,147,554,1379,8.61,3.46,2.49,8.49,0.92,0.245,1.33,0.302,0.74,3.73,146.8,0.224,0.09
Brewers,74,3.84,1401,687,615,175,466,1125,7.02,2.91,2.41,8.74,1.09,0.251,1.29,0.286,0.74,4.12,88.8,0.184,0.08
Diamondbacks,81,3.92,1460,695,651,176,485,1218,7.33,2.92,2.51,8.79,1.06,0.252,1.3,0.292,0.75,4.04,85.5,0.192,0.08
Yankees,85,3.94,1452,671,634,171,437,1233,7.67,2.72,2.82,9.03,1.06,0.257,1.31,0.302,0.75,3.89,162.7,0.201,0.07
Padres,76,3.98,1407,700,643,156,525,1171,7.24,3.25,2.23,8.7,0.96,0.251,1.33,0.292,0.73,4,69.7,0.19,0.09
White Sox,63,4,1424,723,646,182,509,1249,7.73,3.15,2.45,8.81,1.13,0.252,1.33,0.295,0.73,4.13,142.9,0.201,0.08
Cubs,66,4,1332,689,643,160,540,1184,7.36,3.36,2.19,8.28,0.99,0.24,1.29,0.279,0.73,4.1,81.5,0.193,0.09
Giants,76,4,1380,691,643,145,521,1256,7.81,3.24,2.41,8.58,0.9,0.247,1.31,0.295,0.72,3.8,81,0.204,0.09
Orioles,85,4.2,1438,709,678,202,473,1169,7.24,2.93,2.47,8.91,1.25,0.256,1.32,0.291,0.75,4.33,98,0.19,0.08
Angels,78,4.24,1475,737,687,167,533,1200,7.41,3.29,2.25,9.11,1.03,0.258,1.38,0.3,0.72,4.08,85.7,0.191,0.09
Blue Jays,74,4.26,1451,756,688,195,500,1208,7.49,3.1,2.42,8.99,1.21,0.255,1.34,0.293,0.72,4.3,90.6,0.193,0.08
Mariners,71,4.32,1467,754,703,174,478,1297,7.97,2.94,2.71,9.01,1.07,0.256,1.33,0.303,0.71,3.89,124.8,0.207,0.08
Phillies,73,4.34,1465,749,692,152,506,1199,7.51,3.17,2.37,9.18,0.95,0.26,1.37,0.306,0.71,3.94,112,0.193,0.08
Rockies,74,4.44,1545,760,708,136,517,1064,6.67,3.24,2.06,9.68,0.85,0.271,1.44,0.314,0.7,3.96,135.6,0.17,0.08
Twins,66,4.55,1591,788,734,168,458,985,6.11,2.84,2.15,9.87,1.04,0.276,1.41,0.309,0.7,4.23,83,0.157,0.07
Astros,51,4.79,1530,848,767,191,616,1084,6.78,3.85,1.76,9.56,1.19,0.269,1.49,0.303,0.7,4.67,16.9,0.17,0.1
Nationals,96,3.03,1351,555,495,110,352,1288,7.88,2.15,3.66,8.27,0.67,0.241,1.16,0.294,0.75,3.18,208.5,0.214,0.06
Mariners,87,3.17,1240,554,512,137,463,1317,8.16,2.87,2.84,7.69,0.85,0.227,1.17,0.275,0.77,3.61,136.8,0.221,0.08
Athletics,88,3.22,1269,572,524,147,406,1244,7.65,2.5,3.06,7.8,0.9,0.23,1.14,0.272,0.76,3.67,138.3,0.208,0.07
Padres,77,3.27,1300,577,523,117,462,1284,8.03,2.89,2.78,8.13,0.73,0.236,1.22,0.289,0.75,3.46,140.9,0.214,0.08
Braves,79,3.38,1369,597,547,121,472,1301,8.05,2.92,2.76,8.47,0.75,0.245,1.27,0.3,0.75,3.47,147.7,0.214,0.08
Dodgers,94,3.4,1338,617,554,142,429,1373,8.44,2.64,3.2,8.22,0.87,0.239,1.21,0.292,0.74,3.48,149.1,0.226,0.07
Orioles,96,3.44,1342,593,558,151,472,1174,7.23,2.91,2.49,8.27,0.93,0.241,1.24,0.28,0.77,3.96,124,0.192,0.08
Pirates,88,3.49,1341,631,565,128,499,1228,7.59,3.08,2.46,8.29,0.79,0.242,1.26,0.29,0.74,3.8,90.1,0.2,0.08
Mets,79,3.49,1370,618,568,141,509,1303,8.01,3.13,2.56,8.42,0.87,0.244,1.28,0.295,0.76,3.75,114.7,0.211,0.08
Giants,88,3.5,1305,614,564,133,389,1211,7.52,2.42,3.11,8.11,0.83,0.237,1.17,0.282,0.73,3.58,103.1,0.204,0.07
Cardinals,90,3.5,1321,603,564,123,470,1221,7.59,2.92,2.6,8.21,0.76,0.239,1.24,0.286,0.74,3.65,136.7,0.201,0.08
Royals,89,3.51,1386,624,565,128,440,1168,7.25,2.73,2.65,8.6,0.79,0.247,1.26,0.292,0.74,3.69,142.9,0.191,0.07
Rays,77,3.56,1292,625,579,145,482,1437,8.84,2.96,2.98,7.94,0.89,0.231,1.21,0.286,0.74,3.56,149.4,0.234,0.08
Indians,85,3.57,1398,653,583,135,464,1450,8.89,2.84,3.13,8.57,0.83,0.247,1.27,0.309,0.73,3.42,181.7,0.234,0.08
Angels,98,3.58,1307,630,590,126,504,1342,8.15,3.06,2.66,7.93,0.76,0.233,1.22,0.285,0.73,3.57,138.9,0.217,0.08
Reds,76,3.59,1282,612,576,163,507,1290,8.03,3.16,2.54,7.98,1.01,0.233,1.24,0.277,0.77,4.01,111.8,0.213,0.08
Brewers,82,3.67,1386,657,594,167,431,1246,7.69,2.66,2.89,8.56,1.03,0.246,1.25,0.289,0.74,3.89,121.4,0.204,0.07
Yankees,84,3.75,1392,664,605,164,398,1370,8.49,2.47,3.44,8.62,1.02,0.246,1.23,0.298,0.73,3.67,175.4,0.224,0.07
Marlins,77,3.79,1481,674,614,114,458,1190,7.35,2.83,2.6,9.14,0.7,0.259,1.33,0.31,0.72,3.56,116.9,0.191,0.07
Phillies,73,3.81,1396,687,621,134,521,1255,7.69,3.19,2.41,8.56,0.82,0.246,1.31,0.295,0.72,3.81,137.1,0.2,0.08
Cubs,73,3.92,1398,707,638,115,504,1311,8.06,3.1,2.6,8.6,0.71,0.247,1.3,0.304,0.7,3.51,157.5,0.211,0.08
Blue Jays,83,4,1400,686,642,151,490,1199,7.48,3.06,2.45,8.73,0.94,0.25,1.31,0.294,0.73,3.97,103.7,0.195,0.08
Red Sox,71,4.01,1458,715,653,154,482,1213,7.45,2.96,2.52,8.95,0.95,0.256,1.32,0.301,0.72,3.93,106.7,0.195,0.08
Tigers,90,4.01,1475,705,648,127,462,1244,7.7,2.86,2.69,9.13,0.79,0.259,1.33,0.312,0.71,3.6,156.8,0.201,0.08
Astros,70,4.14,1437,723,662,139,484,1137,7.11,3.03,2.35,8.99,0.87,0.256,1.34,0.299,0.7,3.93,96.5,0.185,0.08
Diamondbacks,64,4.26,1467,742,683,154,469,1278,7.96,2.92,2.72,9.14,0.96,0.26,1.34,0.312,0.7,3.83,95.5,0.207,0.08
White Sox,73,4.3,1468,758,688,140,557,1152,7.2,3.48,2.07,9.17,0.87,0.261,1.41,0.306,0.7,4.1,92.8,0.184,0.09
Rangers,67,4.49,1510,773,712,160,505,1110,7,3.19,2.2,9.53,1.01,0.268,1.41,0.31,0.7,4.22,70.5,0.179,0.08
Twins,70,4.58,1588,777,730,147,408,1031,6.47,2.56,2.53,9.96,0.92,0.276,1.39,0.315,0.69,3.97,97.7,0.166,0.07
Rockies,66,4.86,1528,818,772,173,531,1074,6.75,3.34,2.02,9.61,1.09,0.27,1.44,0.307,0.69,4.43,50.2,0.172,0.09
Cardinals,100,2.94,1359,525,478,123,477,1329,8.17,2.93,2.79,8.35,0.76,0.242,1.25,0.297,0.79,3.48,193.7,0.217,0.08
Pirates,98,3.23,1392,596,534,110,453,1338,8.08,2.74,2.95,8.41,0.66,0.245,1.24,0.302,0.75,3.36,202.6,0.215,0.07
Cubs,97,3.36,1276,608,546,134,407,1431,8.81,2.51,3.52,7.86,0.83,0.23,1.15,0.287,0.73,3.3,215.5,0.239,0.07
Mets,90,3.45,1341,613,561,152,383,1337,8.23,2.36,3.49,8.25,0.94,0.239,1.18,0.288,0.74,3.53,185.7,0.221,0.06
Dodgers,92,3.46,1317,595,555,145,395,1396,8.69,2.46,3.53,8.2,0.9,0.239,1.18,0.296,0.75,3.41,188.1,0.235,0.07
Astros,86,3.57,1308,618,572,148,423,1280,7.99,2.64,3.03,8.17,0.92,0.238,1.2,0.285,0.74,3.66,185,0.215,0.07
Nationals,83,3.62,1366,635,577,145,364,1342,8.42,2.28,3.69,8.57,0.91,0.246,1.21,0.3,0.73,3.45,193.3,0.225,0.06
Indians,81,3.68,1274,640,586,161,425,1407,8.84,2.67,3.31,8,1.01,0.235,1.19,0.288,0.73,3.62,191.7,0.238,0.07
Giants,84,3.73,1344,627,599,155,431,1165,7.26,2.69,2.7,8.37,0.97,0.243,1.23,0.283,0.75,3.92,88.3,0.194,0.07
Royals,95,3.74,1372,641,603,155,489,1160,7.19,3.03,2.37,8.5,0.96,0.246,1.28,0.286,0.75,4.04,118.9,0.19,0.08
Rays,80,3.74,1314,642,604,175,477,1355,8.39,2.95,2.84,8.14,1.08,0.237,1.23,0.284,0.75,3.91,138.8,0.223,0.08
Blue Jays,93,3.81,1353,670,610,173,397,1117,6.98,2.48,2.81,8.45,1.08,0.245,1.21,0.278,0.73,4.09,132.6,0.187,0.07
Angels,85,3.94,1355,675,631,166,466,1221,7.63,2.91,2.62,8.46,1.04,0.244,1.26,0.285,0.73,4.06,118,0.2,0.08
White Sox,76,3.98,1443,701,643,162,474,1359,8.42,2.94,2.87,8.94,1,0.256,1.32,0.311,0.73,3.82,178,0.22,0.08
Yankees,87,4.03,1416,698,653,182,474,1370,8.46,2.93,2.89,8.74,1.12,0.25,1.3,0.3,0.74,3.97,170.7,0.221,0.08
Marlins,71,4.04,1374,678,640,141,508,1152,7.27,3.2,2.27,8.67,0.89,0.25,1.32,0.294,0.72,3.98,94.6,0.19,0.08
Diamondbacks,79,4.05,1450,713,660,182,500,1215,7.46,3.07,2.43,8.9,1.12,0.254,1.33,0.294,0.74,4.21,81.7,0.194,0.08
Orioles,81,4.05,1406,693,646,174,483,1233,7.73,3.03,2.55,8.82,1.09,0.253,1.32,0.298,0.74,4.11,145.8,0.203,0.08
Twins,83,4.07,1506,700,653,163,413,1046,6.52,2.58,2.53,9.39,1.02,0.265,1.33,0.3,0.73,4.1,135.8,0.17,0.07
Padres,74,4.09,1371,731,655,171,516,1393,8.7,3.22,2.7,8.57,1.07,0.248,1.31,0.303,0.71,3.93,109.3,0.229,0.09
Athletics,68,4.16,1402,729,668,172,474,1179,7.34,2.95,2.49,8.73,1.07,0.25,1.3,0.289,0.71,4.13,104.4,0.192,0.08
Mariners,76,4.16,1430,726,677,181,491,1283,7.89,3.02,2.61,8.8,1.11,0.253,1.31,0.298,0.73,4.14,99.3,0.206,0.08
Rangers,88,4.25,1459,733,682,171,508,1095,6.83,3.17,2.16,9.1,1.07,0.259,1.36,0.294,0.72,4.34,97.5,0.176,0.08
Brewers,68,4.28,1432,737,682,176,517,1260,7.9,3.24,2.44,8.98,1.1,0.257,1.36,0.303,0.72,4.17,100.9,0.205,0.08
Red Sox,78,4.34,1486,753,698,178,478,1218,7.57,2.97,2.55,9.23,1.11,0.261,1.36,0.305,0.72,4.17,99.5,0.196,0.08
Reds,64,4.35,1436,754,702,177,544,1252,7.75,3.37,2.3,8.89,1.1,0.253,1.36,0.297,0.72,4.24,88.8,0.2,0.09
Braves,67,4.41,1462,760,699,170,550,1148,7.25,3.47,2.09,9.23,1.07,0.263,1.41,0.305,0.71,4.34,43.6,0.187,0.09
Tigers,74,4.64,1491,803,746,193,489,1100,6.84,3.04,2.25,9.27,1.2,0.264,1.37,0.298,0.7,4.46,81.9,0.178,0.08
Phillies,63,4.69,1592,809,749,191,488,1153,7.22,3.06,2.36,9.98,1.2,0.275,1.45,0.316,0.71,4.4,73.7,0.182,0.08
Rockies,68,5.04,1579,844,799,183,579,1112,7.02,3.65,1.92,9.96,1.15,0.278,1.51,0.318,0.7,4.56,56.2,0.176,0.09
Cubs,103,3.15,1125,556,511,163,495,1441,8.88,3.05,2.91,6.94,1.01,0.209,1.11,0.255,0.78,3.77,192.9,0.243,0.08
Nationals,95,3.52,1272,612,571,155,468,1476,9.1,2.89,3.15,7.84,0.96,0.231,1.19,0.288,0.75,3.58,217.2,0.245,0.08
Mets,87,3.58,1398,617,576,152,439,1396,8.68,2.73,3.18,8.7,0.95,0.25,1.27,0.308,0.76,3.57,224.9,0.23,0.07
Giants,87,3.69,1333,631,599,158,439,1309,8.07,2.71,2.98,8.22,0.97,0.24,1.21,0.287,0.74,3.76,161.6,0.216,0.07
Dodgers,91,3.7,1266,638,598,165,464,1510,9.35,2.87,3.25,7.84,1.02,0.23,1.19,0.288,0.74,3.61,206,0.251,0.08
Blue Jays,89,3.79,1340,666,615,183,461,1314,8.1,2.84,2.85,8.26,1.13,0.24,1.23,0.282,0.75,4.04,182.7,0.215,0.08
Indians,94,3.86,1330,676,619,186,461,1398,8.71,2.87,3.03,8.28,1.16,0.24,1.24,0.289,0.73,3.91,178.5,0.232,0.08
Mariners,86,4,1410,707,647,213,460,1318,8.14,2.84,2.87,8.71,1.32,0.25,1.28,0.292,0.75,4.3,122.5,0.214,0.08
Red Sox,93,4,1341,694,640,176,490,1362,8.51,3.06,2.78,8.38,1.1,0.243,1.27,0.293,0.73,4,172.9,0.224,0.08
Marlins,79,4.05,1358,682,646,152,595,1379,8.65,3.73,2.32,8.52,0.95,0.247,1.36,0.303,0.74,3.97,133.4,0.224,0.1
Astros,84,4.06,1441,701,663,181,453,1396,8.56,2.78,3.08,8.83,1.11,0.253,1.29,0.306,0.73,3.85,194.3,0.226,0.07
Cardinals,86,4.08,1432,712,656,159,475,1290,8.02,2.95,2.72,8.9,0.99,0.254,1.32,0.304,0.72,3.88,165.2,0.209,0.08
Brewers,73,4.1,1450,733,653,178,532,1175,7.37,3.34,2.21,9.1,1.12,0.259,1.38,0.3,0.73,4.37,118.1,0.19,0.09
White Sox,78,4.12,1422,715,662,185,521,1270,7.9,3.24,2.44,8.85,1.15,0.254,1.34,0.298,0.74,4.27,146.7,0.205,0.08
Yankees,84,4.16,1358,702,661,214,444,1393,8.78,2.8,3.14,8.56,1.35,0.246,1.26,0.292,0.74,4.2,174.3,0.231,0.07
Rays,68,4.2,1395,713,665,210,491,1357,8.56,3.1,2.76,8.8,1.33,0.251,1.32,0.297,0.74,4.26,118.2,0.223,0.08
Royals,81,4.21,1433,712,674,206,517,1287,8.04,3.23,2.49,8.96,1.29,0.256,1.35,0.298,0.75,4.42,93.9,0.208,0.08
Orioles,89,4.22,1408,715,671,183,545,1248,7.84,3.43,2.29,8.85,1.15,0.255,1.36,0.299,0.74,4.31,149.6,0.204,0.09
Pirates,78,4.22,1491,758,681,180,533,1232,7.64,3.31,2.31,9.25,1.12,0.262,1.4,0.306,0.73,4.3,85.5,0.196,0.09
Tigers,86,4.24,1417,721,673,182,462,1232,7.76,2.91,2.67,8.93,1.15,0.256,1.32,0.3,0.72,4.16,167.5,0.204,0.08
Angels,74,4.28,1480,727,676,208,498,1136,7.19,3.15,2.28,9.37,1.32,0.266,1.39,0.301,0.75,4.62,61.7,0.186,0.08
Rangers,95,4.38,1441,757,703,201,534,1154,7.2,3.33,2.16,8.99,1.25,0.257,1.37,0.292,0.73,4.58,93.5,0.187,0.09
Padres,68,4.44,1425,770,711,183,569,1222,7.64,3.56,2.15,8.91,1.14,0.254,1.38,0.296,0.71,4.4,81.4,0.196,0.09
Braves,68,4.51,1414,779,725,177,547,1227,7.63,3.4,2.24,8.79,1.1,0.251,1.35,0.293,0.7,4.32,83.3,0.196,0.09
Athletics,69,4.51,1459,761,719,185,464,1188,7.46,2.91,2.56,9.16,1.16,0.259,1.34,0.299,0.71,4.24,114.7,0.193,0.08
Phillies,71,4.64,1468,796,741,213,466,1299,8.14,2.92,2.79,9.19,1.33,0.26,1.35,0.304,0.71,4.34,128.3,0.211,0.08
Reds,68,4.91,1457,854,787,258,636,1241,7.75,3.97,1.95,9.09,1.61,0.259,1.45,0.29,0.73,5.24,-19.6,0.196,0.1
Rockies,75,4.92,1532,860,781,181,547,1223,7.7,3.44,2.24,9.65,1.14,0.27,1.45,0.317,0.68,4.38,128.4,0.195,0.09
Twins,59,5.09,1617,889,816,221,479,1191,7.43,2.99,2.49,10.09,1.38,0.279,1.45,0.319,0.68,4.57,82.1,0.189,0.08
Diamondbacks,69,5.09,1563,890,821,202,603,1318,8.17,3.74,2.19,9.69,1.25,0.271,1.49,0.32,0.69,4.5,84,0.205,0.09
Indians,102,3.3,1267,564,529,163,406,1614,10.08,2.54,3.98,7.92,1.02,0.234,1.16,0.303,0.78,3.33,304.1,0.275,0.07
Dodgers,104,3.38,1226,580,543,184,442,1549,9.65,2.75,3.5,7.64,1.15,0.225,1.15,0.281,0.78,3.67,235,0.261,0.08
Diamondbacks,93,3.67,1309,659,588,171,516,1482,9.26,3.22,2.87,8.18,1.07,0.237,1.27,0.294,0.74,3.8,225,0.244,0.09
Red Sox,93,3.73,1384,668,615,195,465,1580,9.59,2.82,3.4,8.4,1.18,0.243,1.25,0.303,0.76,3.78,229.9,0.254,0.08
Yankees,91,3.75,1248,660,603,192,504,1560,9.69,3.13,3.1,7.75,1.19,0.226,1.21,0.28,0.75,3.88,239,0.257,0.08
Nationals,97,3.88,1300,672,624,189,495,1457,9.06,3.08,2.94,8.09,1.18,0.236,1.24,0.287,0.74,3.99,186.8,0.24,0.08
Cubs,92,3.95,1294,695,636,194,554,1439,8.95,3.44,2.6,8.05,1.21,0.236,1.28,0.285,0.74,4.2,156.7,0.236,0.09
Rays,80,3.99,1324,704,640,193,503,1352,8.42,3.13,2.69,8.25,1.2,0.239,1.26,0.283,0.73,4.17,156.1,0.222,0.08
Brewers,86,4,1381,697,642,185,553,1346,8.38,3.44,2.43,8.6,1.15,0.249,1.34,0.298,0.75,4.24,171.8,0.218,0.09
Cardinals,83,4.01,1393,705,647,183,493,1351,8.38,3.06,2.74,8.64,1.14,0.249,1.3,0.298,0.74,4.09,164.2,0.22,0.08
Astros,101,4.12,1314,700,662,192,522,1593,9.91,3.25,3.05,8.18,1.2,0.238,1.27,0.3,0.74,3.91,202.4,0.261,0.09
Angels,80,4.2,1373,709,672,224,470,1312,8.2,2.94,2.79,8.58,1.4,0.249,1.28,0.289,0.75,4.43,118.1,0.218,0.08
Pirates,75,4.23,1464,731,677,182,511,1262,7.88,3.19,2.47,9.15,1.14,0.26,1.37,0.306,0.73,4.23,136.1,0.203,0.08
Blue Jays,76,4.42,1460,784,720,203,549,1372,8.43,3.37,2.5,8.97,1.25,0.255,1.37,0.303,0.72,4.31,161.9,0.217,0.09
Mariners,78,4.46,1399,772,713,237,490,1244,7.77,3.06,2.54,8.74,1.48,0.25,1.31,0.283,0.73,4.7,91.1,0.203,0.08
Giants,64,4.5,1515,776,726,182,496,1234,7.65,3.07,2.49,9.39,1.13,0.264,1.38,0.308,0.71,4.22,115.5,0.196,0.08
Rockies,87,4.51,1453,757,721,190,532,1270,7.95,3.33,2.39,9.1,1.19,0.26,1.38,0.305,0.72,4.32,179.6,0.206,0.09
Phillies,66,4.57,1471,782,731,221,527,1309,8.18,3.29,2.48,9.19,1.38,0.261,1.39,0.304,0.73,4.56,124,0.21,0.09
Twins,85,4.6,1487,788,734,224,483,1166,7.31,3.03,2.41,9.32,1.4,0.263,1.37,0.296,0.73,4.71,96.2,0.188,0.08
Royals,80,4.63,1480,791,740,196,519,1216,7.61,3.25,2.34,9.27,1.23,0.262,1.39,0.303,0.71,4.43,118.9,0.196,0.08
Athletics,75,4.67,1444,826,743,210,502,1202,7.56,3.16,2.39,9.08,1.32,0.258,1.36,0.294,0.69,4.57,99.6,0.195,0.08
Padres,71,4.7,1417,816,747,226,554,1325,8.34,3.49,2.39,8.91,1.42,0.256,1.38,0.299,0.71,4.68,70.7,0.215,0.09
Rangers,78,4.7,1443,816,749,214,559,1107,6.95,3.51,1.98,9.05,1.34,0.259,1.4,0.289,0.71,4.88,80.6,0.178,0.09
Braves,72,4.72,1463,821,756,192,584,1258,7.86,3.65,2.15,9.14,1.2,0.259,1.42,0.302,0.7,4.51,97.4,0.2,0.09
White Sox,67,4.78,1384,820,755,242,632,1193,7.55,4,1.89,8.76,1.53,0.252,1.42,0.281,0.72,5.17,39.7,0.192,0.1
Marlins,77,4.82,1450,822,772,193,627,1202,7.5,3.91,1.92,9.05,1.2,0.258,1.44,0.298,0.71,4.69,57.6,0.19,0.1
Orioles,75,4.97,1505,841,796,242,579,1233,7.7,3.62,2.13,9.4,1.51,0.266,1.45,0.302,0.72,4.96,75.8,0.196,0.09
Mets,70,5.01,1538,863,799,220,593,1374,8.62,3.72,2.32,9.65,1.38,0.268,1.49,0.319,0.71,4.59,93.2,0.215,0.09
Reds,68,5.17,1442,869,821,248,631,1300,8.18,3.97,2.06,9.08,1.56,0.259,1.45,0.296,0.71,5.08,31.2,0.207,0.1
Tigers,64,5.36,1587,894,846,218,538,1202,7.62,3.41,2.23,10.06,1.38,0.278,1.5,0.32,0.69,4.73,102.4,0.191,0.09
